"main1","main2","main3","main4","main5","main6","main7","main8","main9","main10","main11","main12","main13","main14","main15","main16","main17","main18","main19","main20","main21","main22","main23","main24","main25","var1","var2","var3","var4","var5","var6","var7","var8","var9","var10","var11","var12","var13","var14","var15","var16","var17","var18","var19","var20","var21","var22","var23","var24","var25","classes"
1,0,0,1,0,0,0,1,0,1,1,0,0,1,0,0,1,0,0,1,0,0,0,1,0,0,0,0,0,1,0,0,1,1,1,0,0,0,1,0,1,0,0,0,0,1,1,1,1,0,"1"
1,1,0,1,0,0,1,0,0,0,2,1,2,0,1,0,0,0,1,0,0,0,1,0,2,1,0,0,0,0,0,1,0,0,2,0,1,0,1,1,1,1,0,1,0,2,1,0,0,0,"1"
2,1,1,0,1,0,0,1,0,0,1,0,0,0,0,1,1,0,1,1,0,1,0,0,0,0,0,0,0,0,0,0,2,0,0,1,0,0,0,0,1,1,0,1,0,0,0,1,1,1,"1"
0,2,0,0,1,1,0,0,1,1,1,1,0,0,0,0,0,0,1,1,2,0,1,0,1,0,0,1,0,2,1,1,0,0,0,1,0,0,0,0,1,0,1,0,1,1,0,0,1,0,"1"
2,0,0,0,0,1,0,0,0,0,0,0,0,0,0,2,0,1,0,0,0,2,1,0,1,1,1,1,1,0,1,0,0,1,0,1,1,0,1,0,1,1,1,1,1,0,0,1,0,1,"1"
0,2,0,0,0,1,0,1,1,1,0,0,1,0,1,0,1,1,1,0,0,0,1,0,2,1,1,0,1,0,0,0,0,0,0,1,2,0,0,1,0,0,0,0,0,0,0,0,1,0,"1"
0,1,0,0,1,2,1,1,0,2,0,1,1,1,0,0,1,1,1,0,1,1,1,0,0,0,1,0,0,1,1,0,1,1,1,0,0,0,1,0,1,0,0,2,0,0,2,0,1,1,"1"
0,1,0,1,0,1,0,2,0,1,0,1,0,0,0,1,1,1,1,0,0,0,1,1,0,0,0,0,1,0,0,1,0,1,0,1,0,1,0,0,0,1,1,0,1,0,0,0,0,0,"1"
1,0,0,2,0,0,1,0,0,1,0,1,1,0,0,0,1,1,0,0,1,1,1,0,1,0,0,0,1,0,1,0,0,1,0,0,0,0,0,0,0,0,0,1,0,0,0,1,1,1,"1"
1,0,1,0,0,1,1,0,1,1,0,0,0,1,1,1,1,1,1,0,0,0,1,0,0,0,1,0,0,0,1,0,0,0,1,0,1,1,0,1,0,1,0,0,1,0,0,0,1,1,"1"
1,0,1,0,0,1,0,1,1,1,0,0,0,1,1,0,2,1,0,1,0,0,1,0,1,0,0,0,0,0,0,1,0,1,1,1,0,1,0,0,0,1,0,1,0,0,1,2,1,1,"1"
0,1,1,1,2,1,0,0,0,0,1,1,2,1,1,0,0,0,0,1,1,1,0,0,1,1,1,1,0,1,0,0,1,0,0,0,1,1,0,0,2,0,0,1,0,0,1,0,0,1,"1"
0,1,2,0,0,0,1,0,1,0,0,0,0,0,0,1,0,0,1,0,1,1,1,1,0,0,0,0,0,0,0,1,0,1,0,2,0,1,0,0,0,1,0,0,0,0,1,1,0,0,"1"
1,1,0,0,2,1,0,0,0,0,0,0,1,0,1,1,0,1,1,1,1,1,0,0,0,1,0,0,0,0,0,1,0,0,0,1,0,0,0,1,0,0,0,0,0,0,0,1,0,0,"1"
0,1,1,1,0,1,0,0,1,1,1,0,0,0,1,0,1,0,1,0,0,0,0,1,1,0,0,0,2,1,0,0,1,0,1,1,1,1,2,0,0,0,0,0,0,0,1,0,0,1,"1"
0,0,1,1,1,0,1,0,0,0,0,1,0,0,1,1,0,0,0,1,0,2,0,0,1,0,0,1,0,1,2,1,0,1,0,0,0,0,1,2,0,0,0,0,1,0,0,0,1,0,"1"
1,1,0,0,0,1,0,0,0,0,0,1,0,2,1,0,0,0,0,1,0,0,1,0,1,0,0,0,0,0,2,0,0,0,2,0,1,0,0,0,0,0,0,1,1,0,0,2,0,1,"1"
1,1,0,0,2,0,1,1,1,0,0,1,0,0,0,2,0,1,0,1,1,0,1,0,0,1,0,0,0,1,0,0,0,0,1,0,0,1,0,0,0,1,0,1,1,1,0,1,0,0,"1"
1,2,1,1,1,0,1,1,0,0,1,1,1,0,0,1,0,2,0,0,0,2,0,0,1,0,0,0,1,1,0,1,0,0,0,1,1,1,1,0,1,0,0,0,1,0,0,0,0,0,"1"
2,1,0,0,2,0,0,1,0,0,0,1,0,1,1,0,0,1,1,0,0,2,0,0,0,1,0,0,0,0,0,0,0,0,1,0,0,1,0,1,1,1,1,1,0,0,0,1,1,0,"1"
1,0,0,0,0,0,0,2,0,1,1,0,2,1,0,1,1,0,1,2,0,0,1,1,0,2,0,1,2,0,1,1,0,2,0,1,1,0,0,0,1,0,0,0,1,0,0,0,0,1,"1"
1,1,0,0,0,1,0,0,0,0,1,0,0,0,0,1,1,0,1,0,0,1,0,1,0,1,0,0,1,0,0,1,0,1,0,1,0,0,0,0,0,0,0,0,0,0,0,1,2,0,"1"
1,1,0,1,0,2,0,0,2,1,1,1,1,0,0,0,1,0,0,1,1,1,0,1,0,1,0,2,0,0,0,0,0,0,0,0,2,0,1,0,0,1,0,1,0,0,0,0,0,0,"1"
0,1,0,1,1,1,0,1,1,1,1,0,0,0,1,1,0,0,0,0,0,0,2,1,0,0,0,0,1,0,1,0,0,0,1,0,0,0,0,0,0,1,0,1,1,0,0,0,1,0,"1"
1,0,0,0,0,1,0,1,0,1,1,1,0,0,0,0,0,0,0,1,0,1,0,0,0,1,0,0,0,1,2,0,0,0,1,0,0,0,0,1,0,0,1,1,0,0,0,0,0,1,"1"
2,0,1,0,1,0,0,0,1,0,1,2,0,1,1,1,1,0,1,0,0,0,0,0,1,1,1,0,0,1,1,0,0,1,1,2,0,0,0,0,1,0,0,0,0,0,2,0,1,1,"1"
1,1,2,0,0,0,1,0,0,0,0,0,1,1,0,1,0,0,0,0,0,1,2,0,0,0,0,0,0,0,0,0,1,0,0,1,0,0,0,2,0,1,1,0,0,1,0,1,1,1,"1"
2,1,1,0,1,1,1,1,1,1,2,1,0,1,0,2,0,0,1,0,0,0,1,0,0,1,0,1,1,1,1,0,0,1,0,0,0,1,1,2,0,0,1,0,0,0,0,0,0,1,"1"
0,0,0,0,1,0,1,0,0,1,1,1,0,1,1,0,0,0,1,0,0,0,1,0,0,0,1,0,0,0,0,2,0,0,0,1,0,1,0,0,1,1,0,1,1,0,0,1,0,0,"1"
0,1,0,1,0,1,0,0,1,2,0,1,0,0,1,1,0,1,0,0,0,1,1,1,0,1,1,0,0,2,0,0,1,0,0,0,0,2,0,1,0,1,1,1,0,1,0,0,1,0,"1"
0,0,1,0,0,2,1,0,1,0,1,1,0,1,1,1,2,0,1,1,2,0,1,0,0,1,0,0,1,1,1,0,0,2,0,0,1,1,0,0,0,0,1,0,0,1,1,1,0,1,"1"
0,1,0,0,0,0,1,0,0,0,0,0,0,0,1,1,1,2,0,2,0,1,1,0,0,1,0,2,1,0,0,1,0,0,2,1,0,0,0,0,0,0,0,1,0,0,0,0,0,0,"1"
2,1,1,1,1,1,2,1,1,1,0,1,2,0,1,0,0,0,0,1,0,1,0,0,1,0,0,0,0,1,0,0,0,1,1,1,1,0,1,1,0,1,0,0,2,1,1,0,0,1,"1"
0,0,0,2,0,0,0,0,0,0,0,0,1,1,1,0,1,0,1,1,1,1,1,0,0,0,1,0,1,1,0,1,0,0,1,1,0,0,1,0,1,0,1,0,1,0,0,0,0,2,"1"
0,0,0,1,0,0,0,1,0,1,1,0,2,0,0,1,0,1,0,0,1,1,0,0,1,0,0,0,1,0,0,1,1,0,1,1,1,1,1,0,1,1,0,0,0,0,0,1,1,0,"1"
1,0,1,1,1,0,0,1,0,0,2,0,0,1,0,0,1,1,1,1,1,0,0,0,0,0,1,1,0,0,0,0,0,0,0,0,0,0,0,0,1,0,0,0,1,0,1,0,0,1,"1"
0,0,1,0,1,0,1,1,1,0,0,1,1,1,1,0,0,1,0,0,1,0,1,0,1,0,0,1,0,0,1,1,0,0,1,0,1,1,0,0,0,1,1,0,0,0,1,0,0,1,"1"
0,1,1,1,1,1,0,0,0,0,0,1,0,0,1,2,0,2,0,1,0,1,1,1,0,2,0,0,0,1,2,0,0,2,0,0,1,0,0,0,0,1,0,0,0,0,0,0,2,0,"1"
0,0,1,2,0,0,0,0,0,1,0,0,1,0,0,1,0,0,1,1,0,1,1,1,0,0,1,0,0,0,0,0,0,0,0,2,2,0,1,0,1,0,1,1,0,1,0,0,0,1,"1"
0,1,1,0,0,1,0,1,0,0,1,1,0,0,0,2,0,1,1,2,0,2,0,1,0,0,0,0,0,0,0,0,1,0,1,0,1,0,0,0,0,0,1,0,0,1,0,1,1,1,"1"
0,1,1,2,1,0,0,0,0,1,0,1,0,0,1,0,0,0,0,1,0,0,1,1,2,0,0,0,1,0,0,0,0,1,0,0,0,0,1,0,1,0,0,2,1,0,0,0,0,0,"1"
0,2,0,0,1,0,0,0,0,0,1,0,0,0,2,0,0,1,1,1,1,1,0,2,0,0,1,0,0,0,1,1,0,0,0,0,0,0,1,1,0,0,0,0,0,0,0,0,0,0,"1"
1,1,0,0,0,0,0,1,0,0,1,0,0,0,0,0,0,0,0,0,1,2,2,0,0,1,1,0,1,0,1,0,2,1,0,0,0,2,0,1,0,0,0,0,1,0,0,1,0,1,"1"
0,0,1,1,0,0,0,1,0,0,0,1,0,1,2,1,1,0,0,1,0,1,0,1,0,1,0,0,0,0,0,1,0,1,0,0,1,0,0,1,1,0,1,0,0,0,1,0,0,0,"1"
0,0,0,0,1,0,2,0,0,0,0,1,1,0,1,2,1,1,1,1,0,0,0,1,1,0,0,1,0,1,0,1,1,0,0,1,0,1,0,1,0,1,0,0,0,0,0,1,1,0,"1"
0,1,2,0,0,1,0,1,1,0,0,0,0,1,0,1,1,0,0,1,1,0,0,0,1,0,0,1,0,1,0,1,0,1,0,0,1,0,0,2,0,1,0,0,1,0,0,0,0,0,"1"
0,1,0,0,0,2,1,1,0,1,0,0,0,0,1,0,0,0,0,1,0,1,1,0,0,0,1,1,0,0,1,0,2,1,0,1,1,0,0,0,0,1,1,0,0,1,1,1,0,0,"1"
0,1,0,1,0,1,0,1,0,0,0,2,0,1,0,1,0,0,0,0,0,1,1,1,0,1,0,0,0,1,0,0,1,2,0,0,1,1,0,0,0,0,1,0,1,0,1,0,0,0,"1"
1,0,0,0,1,0,0,1,0,2,0,1,1,0,0,0,0,0,0,0,0,0,0,0,1,0,0,0,0,2,0,1,0,1,0,0,1,1,1,0,0,0,0,1,0,0,0,0,0,0,"1"
1,0,0,1,0,1,0,0,0,0,0,2,0,0,0,1,0,0,1,0,0,1,1,1,1,0,0,0,0,1,1,1,0,2,1,1,1,1,1,0,0,0,0,1,0,0,0,0,0,0,"1"
0,1,0,0,2,1,1,1,0,0,1,0,0,1,1,0,0,1,0,2,2,0,0,1,1,0,0,1,0,1,1,0,0,0,1,0,1,0,0,0,0,1,1,0,0,1,0,0,0,0,"1"
0,2,0,0,1,0,0,2,2,0,0,0,1,0,1,1,1,1,1,0,0,0,1,0,0,1,1,1,1,2,1,0,0,1,1,1,1,1,0,0,1,0,1,0,2,0,0,0,0,1,"1"
0,1,0,1,0,0,0,1,1,0,0,1,2,0,0,1,2,1,0,0,0,1,1,0,1,0,0,0,0,0,1,0,2,0,0,0,0,2,2,0,1,0,1,0,0,1,0,0,0,0,"1"
1,1,2,1,1,0,2,0,0,0,1,1,0,0,0,2,0,1,1,0,0,1,0,0,0,1,0,1,1,0,1,0,1,1,1,0,0,2,1,1,0,0,0,0,0,0,1,0,2,0,"1"
2,1,0,1,0,1,1,0,0,1,2,0,0,0,0,1,1,1,0,0,0,1,0,0,0,1,0,0,0,0,1,0,1,0,0,0,0,0,0,0,0,2,1,1,0,0,1,1,0,0,"1"
0,0,2,0,0,0,0,0,1,0,0,2,2,2,0,0,1,2,0,1,1,0,1,1,1,0,0,0,1,1,0,0,0,0,0,1,1,0,0,1,0,0,0,1,0,0,0,0,1,0,"1"
0,0,2,0,1,0,0,0,0,1,0,0,1,0,0,0,2,0,0,0,0,0,1,0,0,1,0,0,0,0,0,0,1,0,2,1,1,0,0,0,1,1,0,0,0,1,1,0,2,0,"1"
1,2,0,0,1,0,0,1,1,1,0,1,0,1,0,1,0,1,2,0,1,1,1,0,1,0,0,1,1,1,0,1,0,0,0,0,0,0,1,0,1,2,1,0,0,1,1,1,1,1,"1"
0,2,0,0,0,2,1,1,1,1,1,0,1,2,1,1,0,0,0,1,0,0,0,0,0,1,1,1,0,0,1,0,0,0,0,0,0,1,0,0,1,2,2,1,0,1,1,0,0,1,"1"
1,0,0,1,0,1,0,0,0,0,1,0,1,0,0,0,1,0,0,0,0,1,0,1,0,0,0,0,1,0,1,0,1,0,0,0,1,0,2,1,1,0,1,0,0,0,1,0,1,0,"1"
1,0,0,1,0,0,0,0,1,0,0,2,0,1,0,1,1,2,0,0,0,0,1,1,0,0,1,1,0,0,0,0,0,0,1,1,0,0,1,0,0,1,1,0,0,1,0,1,0,1,"1"
2,0,1,2,0,0,0,2,1,0,2,1,1,1,2,2,1,0,1,0,1,0,0,1,1,1,0,0,0,1,0,1,2,0,1,1,0,0,1,0,0,0,1,1,0,0,0,0,0,1,"1"
1,0,1,0,1,0,0,1,0,1,0,0,1,0,0,1,0,1,1,0,1,1,1,0,1,0,0,0,0,0,0,0,0,1,0,1,0,1,0,1,0,0,0,1,0,0,0,0,0,0,"1"
0,0,0,0,1,1,1,0,0,1,0,1,1,1,0,1,0,0,0,0,2,0,0,0,1,1,0,0,0,0,0,0,1,0,1,0,0,1,1,0,0,1,0,0,1,0,0,0,1,0,"1"
0,1,0,1,0,1,0,0,1,0,0,0,1,1,1,1,0,0,1,0,1,0,0,0,1,0,1,0,0,0,1,1,1,0,0,0,0,0,1,0,0,0,0,0,2,0,0,0,1,0,"1"
1,1,0,0,1,2,0,0,1,1,1,0,0,0,1,0,1,1,0,0,0,1,1,0,0,2,0,0,0,0,0,0,0,1,1,0,0,0,0,0,0,0,0,0,1,0,0,1,0,1,"1"
0,2,1,1,0,0,1,1,1,1,0,0,1,0,0,1,0,1,0,0,1,0,0,0,0,0,0,1,0,1,1,2,0,0,1,0,0,1,1,1,0,1,0,1,1,1,1,1,0,0,"1"
0,0,0,0,1,1,0,0,0,1,0,2,0,1,1,1,0,1,1,0,0,0,2,0,0,1,0,0,0,0,2,1,0,0,0,1,2,0,1,1,0,1,0,0,1,0,1,0,0,0,"1"
0,0,1,0,1,0,1,0,1,0,1,1,1,0,0,0,0,1,1,0,1,1,1,1,1,0,1,1,2,0,0,0,1,0,0,0,0,1,0,0,1,1,0,0,0,0,0,2,0,1,"1"
1,2,2,0,1,1,1,0,1,0,0,0,1,1,1,1,0,0,0,1,0,0,1,0,0,1,0,0,2,0,1,0,0,1,0,0,1,0,0,1,1,0,0,0,0,1,0,1,0,0,"1"
0,1,1,0,2,0,1,0,1,2,0,0,1,1,1,0,1,0,1,1,0,1,0,0,0,0,1,2,0,1,0,1,0,0,1,1,1,0,1,0,0,0,0,0,0,0,0,0,0,1,"1"
0,0,0,1,1,0,1,0,0,2,1,0,0,0,0,1,1,1,1,0,0,1,0,0,1,0,0,1,0,0,1,1,0,0,0,0,1,1,0,0,0,0,0,1,0,0,0,1,0,2,"1"
1,0,1,0,0,0,0,0,1,1,2,0,0,1,1,1,2,0,0,1,0,0,1,0,1,0,0,1,0,0,0,0,1,0,0,1,0,0,1,0,0,0,1,0,0,0,0,0,2,0,"1"
0,0,1,1,0,0,0,0,2,0,0,1,0,1,1,0,0,0,0,0,0,0,0,0,1,0,1,0,0,0,1,0,0,1,1,0,0,0,0,1,1,0,1,0,1,1,0,0,1,0,"1"
1,1,0,0,1,1,1,1,0,0,1,0,0,2,0,0,0,1,0,0,1,1,0,1,0,0,0,1,1,0,0,0,1,2,1,0,1,0,0,0,0,0,1,0,0,0,0,0,0,0,"1"
0,0,0,0,0,0,0,2,0,1,0,0,0,1,1,1,0,0,0,0,0,1,0,0,0,1,0,0,1,0,0,0,0,1,0,2,0,0,0,0,2,0,0,0,0,0,1,0,1,0,"1"
1,1,2,0,0,2,1,2,1,0,1,0,0,1,1,0,1,0,1,0,1,1,0,1,0,1,1,0,0,0,0,0,1,1,1,1,1,2,1,0,0,0,1,0,0,0,1,0,0,1,"1"
0,2,0,0,0,1,0,0,0,0,1,1,0,1,1,0,1,0,0,0,0,1,1,1,0,0,0,0,1,0,1,0,0,0,0,0,0,0,1,0,0,1,1,1,1,0,0,0,1,0,"1"
1,0,1,0,1,1,0,2,0,0,1,1,1,2,1,1,0,0,1,0,0,1,1,1,1,0,1,0,0,0,0,1,2,2,0,0,1,0,0,0,0,0,1,0,0,0,0,1,0,1,"1"
1,2,1,0,0,0,0,0,0,0,1,1,0,1,0,1,0,0,0,1,0,0,1,0,1,0,0,0,0,0,0,0,1,0,1,0,0,0,0,0,1,0,0,1,1,1,0,0,1,0,"1"
0,1,1,1,0,1,1,0,1,0,0,1,0,2,1,0,0,1,1,0,1,0,0,1,1,0,0,0,1,0,2,0,0,0,0,0,1,0,0,1,1,0,0,1,0,0,0,0,0,0,"1"
1,0,0,1,0,1,1,0,1,1,1,0,0,0,0,1,0,0,1,0,0,0,0,0,1,1,1,0,1,0,0,0,0,1,1,0,1,1,2,2,1,1,0,0,0,0,1,0,1,0,"1"
1,0,1,1,0,1,1,1,1,0,0,0,2,1,1,0,0,1,0,1,1,0,2,0,0,0,0,0,0,1,0,0,0,0,0,0,0,0,0,0,0,1,1,1,0,0,0,0,0,0,"1"
0,0,0,1,0,0,1,1,0,0,0,0,1,0,2,1,2,1,1,0,2,0,0,1,1,2,1,1,0,0,0,1,1,0,0,0,1,1,1,1,0,1,1,0,0,2,0,1,0,0,"1"
0,0,1,0,1,0,2,1,0,1,0,2,0,0,0,0,0,1,0,0,1,0,0,0,1,1,1,1,0,0,0,0,0,0,0,1,0,0,0,0,1,0,1,0,0,0,1,0,1,0,"1"
1,0,1,0,0,0,2,1,0,1,2,1,0,1,0,2,0,0,2,0,1,0,0,0,1,0,1,1,0,0,1,2,0,0,1,1,0,0,1,0,0,1,0,0,0,0,1,0,0,1,"1"
0,1,1,1,1,0,0,0,0,0,1,0,1,0,1,0,1,1,1,2,0,0,0,0,0,1,0,0,0,0,0,0,0,0,1,0,1,0,1,0,1,0,1,0,0,0,1,0,0,0,"1"
1,1,0,1,0,0,0,1,1,1,0,1,1,1,1,1,1,0,0,2,1,0,0,0,1,2,0,0,0,0,0,0,1,1,0,0,0,0,0,0,1,0,0,1,0,1,2,1,0,0,"1"
0,0,0,0,0,1,1,1,0,1,0,0,1,2,0,2,1,0,0,1,1,0,1,1,1,1,1,0,0,1,0,0,0,0,0,0,0,0,0,0,1,1,0,0,0,0,0,1,1,1,"1"
0,1,1,0,0,1,2,1,0,0,0,0,1,0,1,1,0,1,2,2,0,0,0,0,1,0,1,0,0,0,0,1,0,0,0,1,0,2,0,0,1,0,0,0,0,0,0,1,0,1,"1"
1,1,0,0,1,0,1,1,0,1,0,0,0,1,0,1,1,0,1,0,1,0,0,1,0,0,1,1,1,1,1,1,0,1,1,0,1,2,0,1,1,0,0,0,0,1,1,0,0,0,"1"
0,1,0,0,0,1,0,0,0,0,2,1,0,0,0,0,1,0,0,1,1,0,0,0,1,1,1,0,1,0,1,1,0,0,1,0,0,1,0,0,1,1,0,0,0,0,0,0,0,0,"1"
1,0,1,1,1,0,1,2,0,1,0,1,1,1,1,1,1,2,0,0,1,0,0,0,0,1,1,0,0,1,1,0,1,0,0,1,0,1,0,2,0,0,0,1,0,0,2,1,2,0,"1"
1,1,0,0,0,1,0,0,0,0,1,0,1,1,0,0,0,1,1,0,1,1,1,0,0,0,1,1,1,1,0,0,0,1,0,0,1,0,0,1,0,0,1,1,0,0,0,0,0,0,"1"
1,0,0,1,0,1,0,1,1,0,0,0,0,1,0,1,0,0,0,1,1,0,1,0,0,2,0,0,0,1,0,1,0,0,0,2,1,0,0,0,0,1,0,1,0,0,1,0,2,0,"1"
0,0,0,0,0,0,0,1,1,1,1,1,0,1,1,0,0,1,0,0,1,1,1,0,0,0,0,0,2,0,1,1,1,1,2,0,1,1,0,0,0,0,0,0,0,1,1,0,0,0,"1"
0,0,1,0,0,2,1,1,1,0,0,0,0,1,0,1,1,0,1,0,1,1,0,1,0,0,0,0,0,0,0,1,0,0,0,1,1,0,0,0,0,1,1,2,2,1,0,1,0,1,"1"
1,0,2,0,0,0,2,0,0,0,1,1,0,0,0,0,0,0,1,1,2,0,0,1,1,1,1,0,0,1,1,0,0,1,0,0,0,0,2,0,1,1,0,0,0,1,1,0,0,1,"1"
1,0,1,0,0,0,0,0,0,1,0,2,1,1,1,0,1,1,0,0,0,0,1,0,2,0,1,1,0,0,1,0,0,0,0,1,0,1,0,0,0,0,1,0,1,0,0,0,0,0,"1"
0,0,1,1,1,0,2,0,0,0,1,1,1,1,0,1,1,1,0,0,0,0,1,1,1,0,0,0,0,0,0,0,1,1,0,0,0,0,0,1,1,1,0,2,1,0,0,0,0,0,"1"
0,0,0,0,0,1,0,1,0,0,1,0,1,0,2,0,1,0,1,0,0,2,0,1,0,1,1,0,0,1,0,0,1,0,0,0,0,0,1,0,0,0,1,1,1,0,0,0,0,0,"1"
1,1,0,0,0,0,0,1,0,0,0,0,0,0,2,0,0,1,0,1,0,0,1,0,0,0,0,0,1,0,2,1,0,0,0,0,0,0,1,0,0,1,0,1,0,0,1,1,0,0,"1"
1,0,0,1,2,2,1,0,0,0,1,2,1,1,0,1,1,0,0,2,0,1,1,0,2,1,0,0,1,0,0,0,0,0,0,2,0,1,0,0,0,0,1,0,1,0,1,1,0,0,"1"
0,1,0,0,0,0,0,0,1,0,0,1,0,1,2,1,1,0,1,0,1,0,0,0,1,1,0,1,0,0,1,0,0,1,0,0,0,0,1,1,0,0,0,0,0,1,0,1,0,0,"1"
0,1,2,0,0,1,0,0,0,0,1,1,0,0,1,0,0,1,1,0,1,0,1,1,0,0,0,0,0,0,0,0,1,0,0,0,2,0,0,1,0,2,0,1,0,1,2,0,0,2,"1"
1,1,0,0,1,1,0,0,2,1,0,0,0,1,1,1,1,0,0,1,1,2,0,0,1,0,0,0,0,0,0,0,2,1,1,0,0,1,0,0,0,0,0,1,0,1,0,0,0,0,"1"
1,0,1,2,0,1,1,0,1,1,0,1,0,0,0,0,0,0,0,0,1,0,1,0,1,0,1,0,0,1,0,0,0,0,0,1,0,1,1,0,0,0,1,1,1,0,0,0,1,1,"1"
0,1,0,0,0,1,1,0,1,2,1,0,1,1,0,0,1,0,1,0,0,0,0,2,1,1,1,0,1,0,0,0,1,2,0,0,0,1,0,1,0,1,0,1,1,0,0,0,0,1,"1"
0,1,0,1,1,0,0,0,0,0,0,1,0,0,1,0,1,1,0,1,0,0,0,0,0,2,0,0,0,0,0,0,0,0,0,0,0,1,1,1,2,0,0,0,0,1,0,1,0,0,"1"
1,0,2,1,2,1,0,1,1,0,0,1,0,2,1,0,1,1,1,0,0,2,1,1,1,0,0,2,0,0,0,0,1,1,2,0,0,0,1,0,0,1,2,0,0,0,0,0,0,0,"1"
0,1,0,0,0,0,0,0,1,0,1,1,0,0,1,1,2,1,1,0,1,0,1,1,1,0,0,1,0,0,0,0,0,0,0,1,0,0,0,0,1,0,0,0,0,0,0,0,0,0,"1"
0,0,0,1,0,0,0,2,1,0,0,0,0,1,0,0,0,0,0,1,0,0,0,1,2,1,0,1,1,1,0,1,1,0,2,0,1,0,0,1,0,0,1,0,1,1,1,1,1,0,"1"
2,1,0,0,0,0,1,0,0,1,0,1,0,0,0,0,1,0,0,0,0,0,0,1,0,0,1,0,0,0,1,0,0,0,0,1,0,0,1,0,0,0,0,0,0,0,0,0,0,2,"1"
0,1,0,0,0,1,0,2,1,1,1,0,0,1,1,0,0,1,1,1,0,0,0,0,0,0,1,1,0,0,1,2,0,0,0,0,0,1,1,1,0,1,1,1,0,1,0,0,0,0,"1"
0,0,0,1,0,0,0,0,0,0,0,0,1,2,0,0,0,0,0,0,0,0,1,0,1,0,2,0,2,0,1,1,0,0,0,0,0,0,2,0,0,0,0,0,1,0,0,1,1,0,"1"
1,1,2,0,1,1,0,0,0,1,1,1,0,0,0,0,1,0,1,1,2,0,0,0,0,0,0,1,0,1,0,0,0,1,1,0,1,0,0,0,1,1,0,0,0,1,0,0,1,0,"1"
1,0,0,1,1,1,0,0,1,1,0,0,0,2,0,0,0,0,0,0,2,0,1,0,0,0,0,1,1,1,0,0,1,0,0,0,1,0,2,0,0,0,1,0,1,0,0,1,0,0,"1"
1,0,0,2,0,0,0,1,0,0,0,0,1,0,0,0,0,1,0,1,1,1,0,1,1,1,0,0,1,0,1,0,1,0,1,0,0,0,1,0,0,0,0,0,2,1,0,0,0,0,"1"
0,0,0,0,1,0,1,1,0,0,0,0,0,1,1,0,0,0,1,0,1,1,1,0,0,1,0,1,0,0,0,0,0,1,1,0,0,2,0,1,0,0,0,1,0,0,1,2,1,0,"1"
1,1,0,0,0,2,1,0,0,1,1,0,1,1,1,0,0,1,0,1,2,1,0,1,1,0,1,0,1,0,0,0,1,0,1,0,0,0,1,0,1,0,0,0,0,0,1,0,1,2,"1"
1,0,0,1,0,0,1,1,0,0,0,0,1,0,1,0,0,1,0,1,0,2,0,1,1,0,1,0,0,0,2,0,0,0,0,0,1,0,0,1,1,0,0,0,0,0,0,0,0,0,"1"
0,0,0,0,0,1,1,0,1,0,0,1,0,1,1,0,0,0,1,0,1,1,0,1,1,0,0,0,0,0,1,1,0,0,0,0,0,0,1,0,1,0,0,0,0,1,1,0,1,1,"1"
0,1,2,1,0,0,0,0,1,2,0,0,1,0,0,1,1,1,0,1,1,1,1,1,1,0,1,0,0,1,1,0,0,0,0,0,0,1,0,1,0,0,2,0,1,1,1,0,0,1,"1"
0,1,0,0,1,0,0,0,0,0,0,1,0,0,1,0,0,0,0,0,1,0,0,1,0,0,1,1,0,0,0,0,0,1,1,0,0,0,0,0,0,0,0,0,0,1,0,0,1,2,"1"
0,0,0,0,0,0,0,0,1,0,0,2,0,0,0,0,0,0,0,0,0,0,0,0,1,0,0,1,0,0,1,1,0,0,1,0,1,0,0,0,0,1,1,0,0,1,0,0,0,1,"1"
0,1,1,0,0,2,0,0,1,0,1,2,0,0,0,0,0,1,0,1,2,1,0,0,0,0,0,0,0,0,0,0,0,1,0,0,0,0,0,0,0,1,0,1,0,2,1,0,0,0,"1"
0,0,0,0,0,2,0,0,0,0,0,1,1,1,0,0,1,0,0,1,0,0,1,1,0,1,0,0,1,0,0,2,1,1,0,0,0,0,0,0,1,1,0,0,0,0,1,0,0,1,"1"
1,0,1,1,0,0,0,1,1,0,1,1,1,1,1,0,1,2,0,1,1,0,0,0,1,0,0,0,0,1,0,0,1,1,0,1,0,0,1,0,0,0,1,1,0,1,0,1,0,0,"1"
0,0,1,1,0,0,0,0,0,0,2,1,0,1,0,1,1,1,0,0,1,2,1,0,1,0,1,0,0,0,1,0,1,0,1,1,1,0,0,0,1,1,0,0,0,1,1,0,0,1,"1"
1,1,1,0,1,0,0,2,0,0,0,0,0,0,0,0,1,0,2,0,1,0,1,0,0,0,0,0,1,1,0,0,1,0,0,1,0,0,0,0,1,0,0,0,0,1,0,0,0,1,"1"
1,0,0,1,1,1,0,0,1,1,0,0,0,1,0,0,0,1,0,1,0,0,1,1,0,1,0,1,0,1,0,1,0,0,2,1,1,0,2,1,0,0,0,0,0,2,1,0,0,0,"1"
0,1,0,0,1,2,0,1,0,1,1,1,0,2,0,1,0,1,1,0,0,2,0,0,0,1,1,1,0,1,0,0,1,2,0,0,1,0,1,1,0,0,1,1,1,2,0,1,0,0,"1"
0,0,1,1,1,2,0,1,0,0,1,1,0,2,0,1,1,0,0,0,1,0,0,2,1,1,1,1,0,0,0,0,1,0,0,0,0,0,1,0,0,0,0,1,1,0,1,1,0,0,"1"
0,1,1,1,0,1,0,0,1,0,2,0,0,1,0,1,0,0,1,2,1,1,0,0,0,1,1,0,1,0,2,1,0,0,0,1,1,0,1,0,2,0,2,0,1,1,1,2,0,0,"1"
0,2,2,0,0,0,0,1,0,1,1,2,2,1,1,1,0,2,1,0,1,1,0,2,0,0,0,1,0,1,1,1,0,0,0,0,0,1,0,0,0,1,2,0,0,0,1,1,0,1,"1"
1,0,1,1,2,0,0,0,0,2,0,0,0,0,0,0,0,0,0,1,0,2,0,1,0,1,2,0,0,0,2,1,1,1,0,1,1,1,0,1,0,0,0,0,0,0,1,0,0,0,"1"
1,0,1,0,0,0,1,0,1,1,0,1,0,0,1,0,1,1,0,0,0,1,0,2,1,0,1,0,0,0,0,0,1,0,0,0,1,0,1,0,0,0,1,0,1,0,1,0,0,0,"1"
0,1,1,1,0,2,0,0,0,0,1,0,0,0,1,1,1,1,0,0,2,0,2,1,1,0,0,1,0,2,0,0,0,0,0,0,1,0,0,1,1,0,0,1,0,0,2,1,0,0,"1"
0,1,0,1,0,0,0,0,2,0,0,0,0,0,1,0,1,2,1,0,0,0,0,1,0,1,0,0,1,0,0,1,0,0,1,0,0,0,1,1,0,0,1,1,0,0,0,1,0,1,"1"
0,1,0,0,1,0,1,0,1,0,2,2,0,0,0,0,1,0,0,0,0,0,0,1,0,0,0,0,0,0,1,1,0,1,0,0,2,1,0,0,1,0,0,0,0,0,1,0,0,0,"1"
0,0,2,1,1,1,0,2,0,1,1,1,0,0,1,0,0,0,0,0,0,0,1,0,1,0,0,0,0,1,0,0,1,0,0,2,0,0,0,0,0,1,1,0,0,2,0,1,0,0,"1"
0,0,1,0,0,0,1,0,0,0,0,2,1,0,1,1,1,0,0,1,2,1,1,0,0,0,1,1,0,1,0,0,0,1,1,2,1,2,0,0,0,1,0,1,1,2,1,0,1,0,"1"
2,1,2,0,0,0,0,1,0,0,0,2,1,1,0,1,1,0,0,0,0,1,1,0,1,0,0,0,0,0,1,0,0,0,1,1,1,0,0,0,0,0,2,0,0,0,1,0,1,1,"1"
0,0,2,0,0,0,1,0,1,2,0,1,1,0,1,0,1,1,0,0,0,0,0,1,2,0,0,0,1,1,1,0,1,1,0,1,0,0,0,0,0,0,1,0,0,2,0,1,0,1,"1"
0,1,0,0,1,1,1,0,1,0,0,0,0,0,1,1,1,0,1,0,0,0,0,0,0,0,0,1,1,1,0,1,0,0,0,0,0,0,1,1,0,0,2,0,0,0,0,0,1,1,"1"
0,0,0,2,1,0,1,0,0,0,0,0,2,1,0,1,1,1,1,1,2,1,0,1,0,1,0,1,0,1,0,1,0,0,0,0,2,0,1,0,0,1,1,0,1,0,0,0,0,0,"1"
0,0,0,1,0,0,1,1,0,0,1,0,0,0,2,1,1,0,0,0,0,0,1,0,1,0,0,1,1,0,0,0,1,0,1,0,1,0,0,0,0,1,0,1,1,0,1,0,0,0,"1"
1,0,0,0,1,0,0,2,1,1,1,0,1,0,0,0,1,0,1,1,0,1,1,0,0,0,1,1,0,0,1,0,1,2,0,0,0,0,2,0,1,0,1,0,2,0,1,1,1,0,"1"
0,2,1,1,0,0,1,1,0,0,0,1,0,1,0,0,0,1,1,0,0,1,0,2,1,1,0,0,0,0,0,0,1,0,1,0,1,0,1,1,0,1,0,0,0,1,0,1,0,0,"1"
1,1,0,1,0,0,2,0,0,0,0,0,1,1,2,1,0,1,0,1,0,1,0,1,0,1,0,1,0,1,1,0,0,0,1,0,0,0,2,0,0,1,0,0,0,0,1,0,0,0,"1"
0,0,2,0,0,1,0,0,0,1,2,0,0,1,0,0,0,1,1,0,1,1,0,0,0,0,0,0,0,1,0,0,1,0,0,1,1,0,0,0,1,0,1,0,1,0,1,1,1,0,"1"
0,0,1,1,0,0,0,0,2,0,0,0,1,0,1,0,0,1,1,0,0,0,0,0,0,1,0,0,0,0,0,0,0,2,0,0,2,0,0,1,0,0,0,0,1,0,0,1,1,2,"1"
0,1,0,1,1,0,1,0,1,0,1,0,1,2,0,0,1,1,0,1,0,1,2,0,0,0,2,1,0,0,0,0,1,0,1,0,1,1,1,1,1,0,0,1,0,0,0,0,0,0,"1"
0,0,0,0,0,0,1,0,0,1,1,0,2,0,0,1,0,0,0,1,0,2,0,0,0,0,1,2,0,1,2,0,1,0,0,2,0,0,1,1,0,1,0,0,0,0,2,0,1,0,"1"
0,0,1,0,0,0,2,0,0,0,0,1,1,1,0,0,1,0,0,1,1,0,1,1,0,2,0,1,0,0,0,0,0,0,1,0,1,1,2,0,1,0,0,0,0,0,0,1,1,0,"1"
0,1,0,2,0,0,0,1,1,1,0,0,0,0,1,1,0,1,1,0,2,0,1,1,0,0,1,0,0,0,2,0,0,0,0,1,0,1,1,1,1,0,1,0,0,0,0,0,0,1,"1"
1,0,1,1,0,2,1,0,0,0,0,0,0,0,0,2,0,1,1,0,0,0,1,0,1,0,0,1,0,2,1,1,0,1,0,0,0,2,1,1,0,0,0,1,1,1,1,0,0,0,"1"
1,1,0,1,1,1,0,1,1,1,0,1,0,0,1,0,0,1,0,0,0,1,1,2,1,0,0,0,0,0,0,1,0,0,0,0,0,2,0,1,1,1,2,0,2,1,0,0,0,0,"1"
0,0,0,1,1,0,0,1,2,1,1,0,0,1,1,2,0,1,0,1,0,1,0,1,0,1,0,0,0,0,1,0,0,0,0,0,0,1,1,0,1,1,1,0,0,0,1,1,0,0,"1"
1,0,1,0,1,2,0,1,0,0,0,0,0,0,2,2,0,2,1,0,2,1,0,0,0,1,0,1,0,0,0,0,0,0,0,0,1,0,0,1,1,0,0,0,1,1,0,0,0,1,"1"
0,2,0,1,0,1,0,0,1,1,0,1,1,1,0,1,1,1,2,1,0,2,0,0,0,0,0,0,1,0,1,0,0,0,0,1,0,1,1,0,1,0,0,0,1,0,0,0,1,1,"1"
1,1,0,0,0,0,1,0,0,0,1,0,1,0,0,0,1,1,0,0,0,1,0,1,0,1,1,0,1,1,1,0,0,1,0,0,0,1,0,0,1,0,0,0,0,1,1,1,0,1,"1"
1,1,2,0,0,1,0,0,1,0,0,0,0,0,0,0,0,0,1,1,0,1,0,1,0,0,1,0,0,2,0,0,0,0,1,1,0,0,0,1,0,1,0,0,2,0,1,0,0,0,"1"
0,1,1,0,0,0,1,1,0,0,0,0,2,0,1,1,1,2,0,1,0,0,0,0,0,0,1,1,0,1,1,1,1,0,2,0,0,1,1,1,1,1,0,1,0,1,1,0,1,0,"1"
2,0,1,1,0,0,0,0,0,1,0,0,1,0,1,0,1,0,0,1,0,0,0,0,0,0,1,0,1,1,1,1,0,1,0,0,1,0,0,0,1,0,0,1,0,0,1,0,0,0,"1"
0,0,1,0,0,0,0,2,1,0,2,1,1,0,0,1,1,1,1,0,1,1,1,1,0,0,0,0,1,0,0,1,0,1,0,0,0,1,1,1,1,2,1,0,0,0,0,1,0,0,"1"
1,0,0,0,0,0,0,0,0,0,2,0,0,0,1,0,1,0,0,0,1,0,0,1,1,0,1,0,0,1,0,0,0,0,1,1,0,0,0,0,0,0,0,0,1,0,0,0,0,1,"1"
0,0,0,0,0,1,0,2,0,1,1,0,2,1,0,1,1,0,0,0,0,0,0,0,0,1,0,0,0,0,0,2,1,0,2,0,1,0,0,0,1,2,1,1,0,0,1,0,0,0,"1"
2,0,0,0,0,0,0,1,1,0,1,0,0,1,0,1,1,0,1,0,2,1,0,0,0,1,0,0,1,1,0,2,0,1,0,1,1,0,1,1,1,0,1,0,0,0,0,1,0,0,"1"
1,1,2,2,0,0,0,2,0,1,1,0,0,0,1,2,0,0,0,2,2,1,0,0,0,1,1,0,0,1,0,0,0,0,1,0,0,0,0,0,1,0,0,0,0,0,1,0,1,0,"1"
0,1,0,1,0,0,0,2,0,1,0,0,1,1,0,0,1,0,1,0,0,1,1,0,1,2,0,1,0,0,0,0,0,0,1,0,1,0,0,0,0,0,2,1,1,0,0,1,0,0,"1"
0,0,0,0,1,0,0,0,0,0,2,1,0,0,1,0,1,0,0,2,1,0,1,0,1,0,1,1,1,0,0,0,0,0,2,0,1,1,1,1,1,1,0,1,1,1,0,0,1,0,"1"
0,1,1,0,0,0,0,0,1,1,0,1,0,1,0,1,0,1,1,1,0,1,1,0,0,0,1,1,0,1,0,1,1,0,0,0,0,1,1,0,0,1,0,1,2,1,1,0,0,0,"1"
0,1,1,1,1,0,0,0,1,0,1,0,1,0,1,0,0,0,0,0,0,0,0,0,1,1,0,1,0,0,0,0,2,0,0,1,0,0,2,1,0,2,0,1,1,1,1,0,1,2,"1"
1,2,0,0,1,2,1,1,1,0,0,0,0,0,1,1,0,1,1,0,0,0,0,0,0,0,1,0,1,0,0,0,1,1,0,1,0,0,0,0,1,0,0,0,0,0,0,1,0,0,"1"
1,0,1,1,1,0,0,0,0,1,1,1,2,0,0,1,1,0,0,0,1,1,1,1,0,0,0,1,0,0,0,1,0,0,0,1,1,0,1,0,1,0,0,1,0,0,0,0,0,1,"1"
0,0,1,0,0,0,0,1,0,0,0,0,0,1,1,0,1,0,0,1,0,0,0,1,1,1,0,0,1,0,0,1,0,0,0,1,1,0,1,0,1,0,1,1,1,0,1,0,0,0,"1"
1,1,0,0,0,1,0,0,0,0,0,1,0,0,0,0,0,0,1,0,0,0,1,1,0,1,1,0,1,1,0,1,0,0,2,1,0,0,0,1,0,1,1,0,0,0,0,0,0,0,"1"
0,0,1,1,0,1,0,0,0,1,0,1,0,1,1,1,1,0,0,2,1,1,0,0,2,0,0,1,0,0,2,0,0,0,1,0,2,0,1,0,0,0,1,1,1,1,0,0,1,0,"1"
0,2,1,0,0,0,0,0,0,1,1,0,0,1,0,0,0,0,0,0,0,0,0,0,1,1,1,0,0,1,1,0,1,0,0,1,2,0,1,0,1,0,0,0,1,0,0,0,0,1,"1"
1,0,0,0,0,0,2,0,0,0,1,1,0,0,0,0,1,1,0,1,1,0,1,1,1,0,0,1,0,1,1,0,0,0,0,0,0,0,0,0,0,0,1,0,0,2,0,1,0,0,"1"
0,1,0,0,1,1,0,0,0,1,1,0,0,0,0,0,0,0,1,1,0,0,0,0,1,0,0,0,0,0,1,0,0,0,2,0,0,1,0,0,0,0,1,0,1,2,0,0,0,2,"1"
0,1,0,1,0,1,1,0,0,1,2,0,1,1,0,0,0,0,0,0,1,0,1,1,2,1,0,0,0,1,0,0,0,0,1,0,0,0,1,0,1,0,0,0,0,0,0,1,0,0,"1"
0,0,0,0,1,0,0,1,0,0,0,1,0,0,1,0,0,1,0,0,1,0,0,2,0,0,1,1,0,1,0,1,1,1,0,1,0,0,0,0,0,0,0,0,1,0,1,1,1,2,"1"
0,0,0,0,1,0,1,0,0,0,0,1,0,0,0,1,0,0,1,0,0,1,0,0,0,0,0,0,1,0,0,0,0,0,0,0,0,0,1,0,0,1,0,1,0,0,1,0,1,0,"1"
1,0,0,1,0,1,0,0,0,0,1,1,2,1,0,0,0,2,1,0,1,0,0,0,0,2,2,0,0,0,1,0,1,0,0,0,1,0,0,1,0,0,1,0,0,0,0,0,0,0,"1"
2,2,2,0,1,1,0,0,0,0,0,1,0,1,1,1,0,0,1,0,0,1,0,1,0,0,0,1,0,0,0,0,0,0,0,2,0,0,1,0,0,2,0,0,0,1,1,1,0,0,"1"
0,1,1,1,1,1,1,0,0,1,0,0,0,1,1,0,1,1,0,1,0,0,0,1,1,0,1,1,0,0,1,0,0,0,0,1,0,2,1,1,0,0,0,1,1,1,0,0,0,0,"1"
0,0,0,1,1,0,1,0,0,0,0,1,2,0,1,0,0,2,0,2,0,0,0,1,1,0,1,2,1,1,0,0,2,1,0,2,1,1,0,0,0,1,0,0,1,1,0,1,0,1,"1"
0,0,1,1,1,1,0,0,1,0,1,0,1,0,0,0,1,0,0,1,0,0,1,1,0,0,1,1,1,0,0,1,0,0,0,1,0,0,1,0,0,0,0,0,0,0,1,1,0,2,"1"
0,0,0,0,0,0,0,1,0,0,0,0,0,1,0,0,2,0,0,0,1,2,1,0,1,0,1,0,1,0,0,0,0,1,0,0,0,0,1,0,0,0,0,0,0,0,1,1,0,1,"1"
0,0,0,1,0,0,0,0,0,0,0,2,1,0,1,0,0,1,1,0,0,0,0,1,1,2,1,0,1,0,0,0,0,0,0,0,0,1,0,0,0,0,0,1,1,0,0,2,0,0,"1"
0,1,2,0,1,0,0,0,0,0,0,0,0,1,0,0,0,0,0,0,0,0,0,0,1,0,1,1,0,0,1,0,0,1,1,2,0,0,0,1,0,1,1,2,1,0,0,0,1,1,"1"
0,0,1,2,1,0,1,0,0,0,0,0,1,2,0,1,0,1,1,0,1,0,0,0,1,0,0,1,0,1,2,2,1,1,0,0,0,0,0,0,0,0,1,0,0,0,0,0,0,1,"1"
1,0,0,1,0,1,1,0,1,0,1,1,1,1,1,1,1,0,0,0,1,0,0,0,0,0,1,0,0,1,0,0,0,1,0,0,1,1,0,0,1,1,2,0,1,0,0,0,0,0,"1"
0,0,0,2,0,0,1,1,0,0,1,0,0,1,1,1,1,1,1,0,2,1,0,0,0,0,0,0,0,0,0,0,0,0,0,0,0,0,0,0,0,0,0,1,1,1,0,0,1,0,"1"
0,1,0,1,0,0,0,1,0,0,1,0,0,0,1,0,1,0,0,1,1,2,2,0,0,1,0,0,0,0,0,1,1,1,0,0,1,0,0,0,0,1,0,1,0,0,0,0,1,0,"1"
2,0,1,2,0,1,0,1,1,0,0,1,0,1,0,0,0,0,0,0,2,0,0,1,0,1,0,0,0,0,1,1,0,0,0,0,0,1,0,2,0,0,0,1,0,0,0,1,0,0,"1"
1,1,0,0,1,0,0,1,0,2,1,1,1,0,1,0,0,0,0,0,1,1,0,0,0,0,0,0,0,0,0,1,1,0,1,0,1,1,0,0,0,0,0,0,0,1,1,0,1,0,"1"
0,1,0,2,0,1,0,0,1,0,0,0,0,1,0,1,0,1,1,1,0,0,0,0,1,1,0,0,0,0,0,0,0,1,0,0,0,1,1,1,0,0,0,1,0,1,0,0,1,0,"1"
1,0,0,2,1,1,1,2,0,0,2,1,0,0,0,2,1,0,1,0,0,0,0,1,0,1,1,0,0,1,0,1,1,1,0,1,0,0,0,0,0,1,0,0,1,1,0,0,1,0,"1"
0,0,0,0,1,0,2,1,0,2,0,1,0,0,1,0,2,1,0,0,1,0,1,1,1,1,1,0,1,1,0,1,1,0,1,1,0,0,0,1,0,0,0,0,0,0,0,0,0,0,"1"
0,1,1,1,0,0,1,0,1,0,2,0,1,0,1,2,0,1,0,0,0,1,1,0,2,1,0,0,0,1,0,1,0,0,1,0,1,0,0,0,1,0,0,0,0,0,0,1,0,0,"1"
0,2,0,1,2,1,0,0,0,0,2,1,0,0,0,0,1,1,1,0,2,0,0,0,1,0,1,0,0,1,0,0,2,0,0,0,1,0,0,0,1,1,0,1,0,0,0,0,1,0,"1"
1,0,0,0,0,1,1,0,1,0,0,1,0,2,1,0,0,0,1,1,0,1,1,0,1,1,0,1,0,1,0,1,0,1,0,1,0,1,0,0,1,0,0,0,0,1,0,1,0,0,"1"
0,1,0,1,1,1,0,1,0,0,1,1,0,1,1,0,1,0,0,0,0,0,2,1,0,0,0,0,0,0,0,0,1,0,0,0,1,0,1,0,0,0,0,0,0,0,0,0,0,1,"1"
0,2,0,1,1,1,1,0,1,1,1,0,1,1,1,0,1,0,0,0,0,0,1,2,2,0,0,1,1,1,0,1,0,1,0,1,0,1,1,0,0,0,0,1,0,0,2,1,0,0,"1"
1,1,0,0,0,0,0,1,0,1,1,0,0,1,0,0,0,1,1,0,1,0,0,2,0,0,0,1,1,0,1,0,1,1,1,0,1,0,1,1,0,0,1,0,1,1,0,0,0,1,"1"
1,0,0,2,0,0,1,1,1,1,1,0,2,0,0,0,1,2,1,0,0,1,0,0,0,0,0,0,0,0,0,2,0,0,1,0,0,1,0,0,0,1,0,0,0,0,1,1,1,1,"1"
1,1,1,0,1,0,0,1,2,1,0,0,0,0,0,1,0,1,0,1,0,1,0,1,1,1,0,0,0,1,1,0,1,0,2,0,0,0,1,0,1,0,0,0,0,0,0,1,0,2,"1"
0,1,0,2,1,1,0,0,1,0,0,1,2,0,1,1,1,1,0,1,0,0,1,0,0,1,0,2,0,1,1,0,0,1,1,1,2,2,1,1,1,0,0,0,0,2,1,0,0,0,"1"
2,1,0,1,0,0,0,1,0,1,0,0,1,1,1,0,0,1,1,0,1,0,1,0,1,0,2,0,0,0,1,0,0,0,0,1,0,0,0,0,1,0,0,1,0,0,0,0,0,0,"1"
0,2,0,0,1,2,0,1,1,0,1,0,1,1,1,0,0,0,1,1,0,1,0,1,0,0,0,1,1,1,0,1,1,1,0,0,1,0,0,1,0,1,1,0,0,0,1,1,0,0,"1"
0,1,2,1,0,0,0,1,0,1,1,0,0,0,1,2,2,0,2,1,1,0,0,1,1,0,0,0,0,1,1,0,0,0,0,0,1,0,0,1,0,0,0,1,0,0,0,0,0,0,"1"
0,1,0,0,1,0,1,0,2,0,0,1,1,0,0,0,1,1,1,1,1,0,2,0,1,0,1,0,1,0,0,1,0,0,0,1,1,0,0,1,0,0,0,0,0,1,0,0,1,1,"1"
0,2,0,1,0,1,0,1,1,0,1,1,1,1,0,1,0,1,1,2,1,1,0,0,1,0,0,1,1,0,0,1,1,0,1,1,1,0,1,0,1,1,0,1,0,0,1,1,0,1,"1"
0,0,1,0,1,0,1,1,1,1,0,0,1,0,0,0,2,1,0,2,0,0,1,1,1,1,0,1,0,0,0,0,1,0,0,0,1,1,1,0,0,1,0,1,1,0,1,0,0,1,"1"
0,0,0,2,0,0,1,1,1,0,0,1,2,1,0,1,0,0,1,0,1,0,0,0,1,0,1,1,0,1,0,1,1,0,0,0,0,0,1,0,1,1,0,0,0,0,0,1,0,0,"1"
1,1,0,1,0,1,1,0,1,0,0,1,0,0,1,2,2,0,0,1,0,0,0,0,0,0,1,0,1,0,0,0,0,1,1,0,0,0,0,2,0,1,0,1,1,0,0,0,0,0,"1"
0,1,1,0,0,0,0,1,1,0,1,0,0,1,1,0,0,2,0,1,0,1,0,0,0,2,0,0,0,0,1,0,0,1,0,0,0,0,1,1,0,0,0,1,0,2,0,0,0,1,"1"
2,0,0,0,1,1,0,1,1,0,0,2,1,0,1,1,1,1,0,0,0,0,1,0,1,0,1,0,1,0,0,0,0,0,1,0,0,0,0,0,0,2,1,0,1,0,2,0,1,0,"1"
0,1,0,0,0,0,1,1,0,0,0,0,0,1,0,0,1,1,0,1,0,2,0,1,0,1,0,1,0,0,0,0,0,0,0,1,0,0,0,1,0,0,2,0,1,0,1,0,0,1,"1"
1,1,0,1,1,0,1,0,0,1,2,1,0,1,1,0,0,1,0,0,2,1,1,1,0,1,0,0,1,1,1,0,0,0,0,0,1,0,0,0,1,0,2,1,2,0,1,0,0,1,"1"
1,0,1,0,0,0,2,1,2,0,2,1,1,0,1,0,0,1,1,0,0,1,1,0,1,0,0,1,0,1,0,0,0,1,0,0,0,1,0,0,1,0,0,0,0,0,0,1,1,0,"1"
0,1,1,0,0,0,0,0,0,1,0,1,1,0,0,1,1,0,0,0,0,0,0,1,1,1,0,0,0,0,1,0,0,1,0,0,0,0,0,0,0,1,1,2,2,0,1,0,1,0,"1"
1,1,1,1,2,0,1,0,1,0,0,1,0,1,0,0,0,1,0,2,0,0,0,1,1,0,0,1,2,0,0,1,0,1,1,0,0,0,0,0,1,0,0,0,1,0,0,0,0,0,"1"
1,1,0,1,0,1,1,0,0,1,0,0,0,1,1,0,0,0,1,1,0,0,0,0,1,0,0,1,1,0,0,2,1,0,0,0,1,0,0,1,0,1,0,1,0,0,0,0,1,1,"1"
2,1,0,1,1,0,0,2,0,0,1,0,1,0,1,1,0,0,1,2,1,1,0,1,0,0,0,1,1,1,0,0,0,0,0,0,0,0,0,0,0,0,1,1,1,0,0,0,0,1,"1"
0,1,1,1,0,0,0,0,0,0,0,0,0,0,0,0,0,1,0,0,1,1,0,1,0,0,0,0,0,0,1,1,0,0,0,0,0,0,0,0,1,0,0,0,0,1,1,0,0,0,"1"
0,1,1,2,0,0,0,1,0,1,0,0,1,0,0,1,0,1,1,0,0,2,0,1,1,1,0,1,1,0,0,1,0,0,1,0,0,1,0,1,0,0,0,0,0,0,0,0,2,0,"1"
0,1,1,1,2,0,0,0,1,0,0,1,0,1,1,0,1,0,1,0,1,1,1,0,2,1,0,0,1,1,0,0,1,0,0,0,0,0,0,0,0,1,0,0,0,0,0,0,0,1,"1"
0,1,0,0,1,0,0,0,1,2,1,2,0,1,2,0,0,0,1,0,0,0,0,0,1,1,0,0,0,0,0,0,1,1,0,1,0,0,0,1,0,1,1,0,2,0,0,2,0,1,"1"
1,1,0,0,0,0,0,0,0,0,1,1,1,0,0,0,1,0,1,2,2,0,1,2,1,1,1,1,0,0,0,1,1,1,0,0,1,1,1,0,1,0,2,0,1,1,0,1,0,1,"1"
0,0,0,0,1,1,0,1,1,0,0,0,0,0,0,2,1,1,0,0,0,0,0,0,0,1,0,1,1,1,1,1,1,0,1,1,0,1,0,1,0,0,0,1,0,1,1,0,1,1,"1"
1,0,0,1,0,0,1,0,0,1,2,1,0,1,1,0,1,0,1,0,1,1,1,0,2,0,0,0,0,0,0,0,1,0,1,1,1,0,1,1,0,0,0,0,1,0,0,0,1,1,"1"
0,0,1,0,0,1,2,0,1,0,1,0,0,0,0,0,0,1,0,0,1,0,0,1,1,0,0,0,1,0,0,1,0,2,0,2,0,0,1,1,0,0,0,1,0,0,0,0,2,0,"1"
1,2,1,0,2,0,1,0,1,0,0,1,0,0,1,0,1,0,1,0,1,1,0,0,1,1,0,0,0,0,0,0,0,1,0,0,1,1,1,0,0,1,0,0,1,1,1,1,1,1,"1"
0,0,1,0,2,2,2,0,0,1,1,0,0,0,0,0,1,0,0,0,0,1,1,0,1,0,0,1,0,0,0,0,1,0,0,0,0,0,1,1,0,0,1,1,0,0,1,0,0,0,"1"
0,1,0,1,0,1,0,2,0,1,0,1,1,1,0,0,2,1,0,0,0,0,1,2,0,0,0,0,1,0,2,0,0,0,1,1,0,1,0,0,1,1,1,1,0,0,0,0,1,1,"1"
0,0,0,0,1,0,0,0,0,0,0,0,1,1,0,0,1,0,0,1,1,0,1,1,1,0,0,0,0,1,0,1,1,0,1,0,0,0,1,0,0,1,0,0,0,0,2,0,0,1,"1"
0,1,0,0,0,0,1,1,0,0,2,1,1,2,0,2,1,1,0,1,1,0,0,1,0,0,0,0,0,1,2,0,0,0,1,0,0,0,0,0,1,1,1,0,1,1,0,1,1,1,"1"
1,2,1,0,2,0,0,0,0,1,0,0,0,0,0,0,0,0,0,0,0,0,0,1,1,0,0,0,0,1,0,0,1,0,0,0,0,1,0,1,1,1,0,1,0,1,0,0,1,0,"1"
0,0,0,1,0,0,0,0,1,1,0,0,1,0,1,1,1,1,0,0,1,0,1,0,0,1,1,1,0,0,1,1,0,1,0,0,0,1,1,0,1,0,1,0,0,0,0,0,1,0,"1"
2,1,0,0,2,0,0,1,0,1,1,1,0,1,0,1,0,1,1,1,0,0,1,1,0,1,0,1,0,1,0,0,0,0,2,1,0,0,0,0,0,1,0,1,1,0,0,1,0,0,"1"
1,0,1,0,1,0,0,0,0,1,1,2,0,0,1,0,0,1,1,0,0,1,2,1,0,1,1,0,0,0,0,0,0,0,0,0,0,1,0,1,1,0,1,0,1,0,0,0,1,1,"1"
1,0,0,0,1,0,1,0,0,0,0,0,1,2,1,1,1,0,0,1,0,0,1,1,1,0,0,0,0,1,1,0,0,0,1,0,0,0,1,0,0,2,2,0,0,0,1,1,0,0,"1"
0,0,0,0,2,0,0,0,0,1,0,1,1,1,1,0,0,0,0,2,1,0,0,0,1,0,0,0,1,0,0,0,0,0,1,0,1,0,1,1,0,0,0,1,0,0,0,1,1,0,"1"
0,1,0,0,0,0,1,0,0,1,1,1,0,1,0,1,0,1,1,0,0,0,0,0,0,0,1,1,1,0,1,2,1,0,0,0,2,0,0,0,0,0,0,0,0,0,1,1,0,1,"1"
0,1,1,0,0,1,0,0,0,1,1,1,0,1,1,1,1,0,0,0,1,1,1,0,0,0,0,0,0,0,0,1,0,0,0,0,2,0,0,0,1,0,2,0,0,1,1,0,0,0,"1"
0,2,0,0,0,0,1,1,1,1,1,0,1,1,1,1,1,0,1,1,0,1,0,1,0,0,0,1,0,0,0,0,0,0,0,0,0,1,0,0,0,1,0,1,0,0,0,1,1,1,"1"
1,0,0,0,1,0,0,0,0,0,0,1,1,0,0,0,0,1,0,0,0,1,0,0,0,2,0,1,1,1,0,1,1,0,0,1,0,0,0,1,1,0,1,0,1,1,0,0,1,0,"0"
0,2,0,0,1,1,0,0,0,0,1,1,0,0,2,0,0,1,1,0,1,0,0,0,1,1,0,1,0,1,0,1,0,1,0,0,2,0,0,0,0,1,0,1,0,0,1,0,0,0,"0"
0,0,0,0,0,0,0,0,0,0,1,1,0,0,0,0,0,0,0,0,0,0,1,0,0,1,0,0,1,0,0,0,0,0,1,0,0,0,0,0,0,0,0,0,1,1,1,1,1,0,"0"
2,0,0,0,0,0,1,0,0,1,0,0,1,1,1,0,0,0,1,0,0,0,0,0,0,0,0,0,0,1,1,0,1,1,0,1,1,0,1,2,0,0,0,0,2,0,0,1,0,0,"0"
0,1,2,0,1,0,0,0,0,0,1,0,0,1,1,0,0,0,0,0,0,0,0,0,0,0,0,0,0,0,1,1,0,2,0,0,1,0,1,1,1,0,1,0,0,1,1,0,0,0,"0"
1,0,0,0,1,0,0,1,0,0,0,1,0,0,0,0,0,0,0,0,0,0,1,0,0,0,0,1,1,1,0,0,0,0,1,1,0,0,1,1,1,0,1,1,1,2,0,0,0,1,"0"
0,0,0,0,1,0,0,1,0,0,0,0,0,0,0,0,0,1,0,0,1,0,0,0,1,0,1,0,0,0,1,0,0,0,0,0,1,2,0,0,1,0,0,0,0,1,0,1,0,0,"0"
1,1,1,0,0,0,0,0,0,0,0,1,1,0,0,0,0,0,1,0,0,0,0,0,1,1,1,2,1,0,0,1,1,0,0,0,0,0,1,2,0,0,0,0,0,0,1,1,0,0,"0"
0,0,0,0,0,1,0,0,1,0,1,0,1,0,0,0,0,0,1,0,0,0,0,0,1,1,0,0,1,1,0,0,0,1,1,0,1,0,0,0,1,1,1,0,0,1,0,2,0,1,"0"
1,0,1,0,1,0,0,1,0,0,0,1,0,1,0,0,1,1,0,0,0,0,0,0,1,0,1,1,0,0,0,0,1,0,0,0,0,0,0,0,1,0,1,0,0,0,0,1,0,0,"0"
1,0,0,1,0,0,0,0,1,0,0,0,0,0,1,2,0,0,0,0,0,0,0,0,0,1,0,0,1,0,1,0,0,0,0,0,1,1,1,0,0,0,0,0,1,1,1,0,0,1,"0"
1,0,0,0,0,0,0,1,0,1,0,0,1,0,0,1,1,0,0,0,0,0,0,1,1,2,0,0,0,0,0,1,0,0,0,1,0,0,0,0,0,0,1,0,1,0,0,1,0,0,"0"
0,0,1,1,0,0,0,1,0,1,1,1,0,0,0,0,0,0,1,1,1,0,0,0,1,0,0,0,1,1,1,1,0,0,1,0,0,2,0,1,0,0,1,0,0,0,1,1,1,0,"0"
1,0,0,0,0,0,0,0,1,0,0,1,0,1,0,0,1,0,0,1,0,0,0,0,2,2,0,0,0,0,0,0,1,0,1,0,0,1,0,0,0,0,1,2,1,2,0,0,0,0,"0"
0,0,0,0,1,0,1,0,1,0,0,1,1,0,1,1,0,1,0,0,0,1,0,0,0,1,0,0,0,0,1,0,1,0,0,1,0,1,0,0,0,0,0,1,0,0,1,0,1,0,"0"
1,1,0,0,0,0,0,0,0,0,0,1,0,0,0,1,0,0,1,0,0,0,1,0,0,1,0,0,2,0,0,0,0,0,0,0,1,0,0,1,0,1,0,0,0,1,0,1,0,0,"0"
0,0,1,0,0,0,1,0,0,0,1,0,0,0,0,1,0,0,0,0,0,0,0,0,0,1,1,0,0,0,0,1,0,1,0,1,0,0,0,0,0,1,0,2,0,0,0,0,2,0,"0"
0,0,0,0,0,0,0,0,0,0,0,1,0,0,0,0,0,0,0,0,0,0,0,1,0,1,1,0,0,0,1,0,1,0,0,2,1,0,0,1,1,0,0,1,0,0,0,1,0,1,"0"
0,0,0,2,1,2,0,0,0,0,0,1,1,2,1,2,0,0,0,0,0,0,0,0,0,1,0,0,1,0,0,0,0,0,0,0,0,0,1,0,1,0,0,0,0,0,1,0,1,2,"0"
0,0,0,0,0,1,0,0,0,0,1,0,0,1,2,1,1,0,0,1,1,0,0,0,0,1,0,0,0,0,0,0,2,0,1,0,0,1,0,0,0,0,0,0,0,1,0,0,0,0,"0"
0,0,1,1,0,0,0,0,0,1,1,0,0,0,0,0,1,0,0,1,0,0,0,0,1,0,1,1,1,1,0,0,0,0,0,2,0,2,1,2,0,0,0,2,1,1,0,0,1,0,"0"
1,0,0,0,0,1,0,0,1,1,0,0,0,0,0,0,0,0,0,0,0,0,0,1,0,0,1,0,0,1,0,0,0,0,0,0,0,0,1,1,1,0,0,0,1,1,0,0,1,0,"0"
1,0,0,0,1,0,0,0,1,0,0,0,0,0,1,0,0,0,0,0,0,0,2,0,0,0,0,0,2,0,0,0,2,2,0,0,0,0,0,0,2,0,0,0,1,0,0,1,0,2,"0"
0,0,2,0,0,0,1,0,0,1,0,0,1,0,1,0,0,1,1,0,0,0,1,0,0,0,1,0,2,0,0,1,0,0,0,0,0,1,1,0,0,1,0,0,0,0,1,0,0,0,"0"
0,0,0,0,0,0,0,0,0,0,0,1,0,0,0,0,1,2,0,0,1,1,0,0,0,0,0,0,2,0,1,1,0,0,1,1,1,2,1,1,0,0,0,1,2,0,1,0,0,0,"0"
1,1,0,0,0,0,0,0,0,0,1,1,0,0,0,1,0,0,0,0,1,0,0,0,1,1,1,1,0,0,0,0,0,1,2,0,1,0,0,1,0,0,1,0,1,0,0,1,1,0,"0"
1,0,1,1,0,0,0,1,2,0,1,0,0,1,0,0,0,0,0,0,0,1,0,1,0,0,1,0,2,1,0,0,0,0,1,0,0,0,0,0,2,1,0,1,0,2,1,1,0,0,"0"
0,0,0,0,0,1,1,0,0,1,1,0,1,0,0,0,1,1,0,0,0,0,0,0,0,1,0,2,1,0,0,1,0,0,0,0,1,0,0,0,0,0,2,1,1,1,0,1,1,0,"0"
1,0,0,0,0,0,0,0,0,0,0,0,0,1,0,0,1,0,0,0,0,1,1,0,0,0,0,0,0,0,1,0,0,0,0,1,0,1,0,1,1,0,1,0,1,1,0,0,0,0,"0"
0,0,0,0,1,0,0,1,0,0,0,0,0,1,0,1,0,1,0,2,0,0,0,0,0,1,0,0,0,0,0,0,1,0,0,0,1,1,0,0,0,2,1,0,0,1,0,0,0,0,"0"
0,0,0,0,0,1,0,0,0,2,1,0,0,1,0,0,0,1,0,0,0,2,1,1,0,1,0,0,1,0,0,0,1,0,1,2,0,1,1,0,1,1,0,0,0,0,0,2,1,1,"0"
0,0,0,0,1,0,1,0,0,0,0,0,0,0,0,0,0,0,1,0,0,0,0,0,0,0,0,0,0,2,0,2,0,0,0,1,1,0,1,0,1,0,0,0,0,1,1,2,0,1,"0"
0,0,0,1,0,0,0,0,0,0,0,0,0,2,0,1,0,0,0,0,0,0,0,2,1,0,1,1,0,0,2,0,2,1,0,0,0,0,0,0,1,0,0,1,0,0,1,0,1,0,"0"
0,1,0,1,0,0,0,1,0,0,1,0,0,0,0,1,0,0,0,0,0,0,1,0,1,0,1,0,1,1,0,2,0,1,1,0,0,0,0,0,1,0,1,1,0,1,0,1,0,0,"0"
0,0,0,0,1,2,1,0,0,0,0,0,0,0,0,0,0,0,0,0,0,1,1,0,0,1,1,0,0,1,0,0,1,1,1,0,0,0,0,0,0,1,0,1,1,1,0,1,1,0,"0"
0,0,0,1,1,0,1,1,0,0,0,0,1,1,0,0,1,0,1,0,0,0,0,0,1,1,0,0,0,0,2,0,1,1,1,0,1,0,0,0,1,1,2,0,0,0,1,0,2,1,"0"
1,0,0,1,0,0,0,0,0,0,0,1,0,0,1,0,2,1,0,0,1,1,0,0,1,1,0,0,0,1,1,0,0,0,0,0,0,0,0,1,0,1,1,1,1,1,0,2,1,1,"0"
0,0,0,0,0,0,0,0,0,0,0,1,0,0,0,1,0,0,0,2,0,0,1,1,0,0,0,0,1,0,1,0,0,1,0,0,1,0,0,1,0,0,0,1,0,1,0,1,0,2,"0"
0,0,1,1,0,1,0,0,1,0,1,0,0,1,0,0,1,0,1,0,0,0,1,1,0,0,1,0,2,1,1,0,0,1,0,1,0,0,0,0,1,0,0,0,0,1,0,1,2,2,"0"
0,0,0,0,0,0,0,1,0,0,1,0,0,0,0,0,2,0,2,0,2,0,0,0,0,0,1,1,0,1,0,0,1,0,0,0,1,0,0,0,1,1,1,0,1,0,0,0,0,0,"0"
0,1,0,0,1,0,0,1,0,0,0,0,1,0,1,0,0,1,0,0,0,0,0,0,0,0,0,0,1,0,0,1,0,0,0,1,1,1,0,1,0,1,0,2,0,1,0,0,1,1,"0"
1,0,1,1,0,0,1,0,0,0,0,0,0,0,1,0,0,0,1,0,0,0,0,0,0,0,0,0,0,0,0,0,0,2,0,0,0,2,0,0,1,1,0,0,0,0,0,0,0,0,"0"
0,0,0,1,0,0,0,0,1,0,0,0,1,0,2,0,1,1,0,1,1,0,0,0,0,1,0,0,0,0,1,0,0,0,0,0,0,0,1,0,0,0,0,0,1,0,1,0,1,0,"0"
1,0,0,0,2,0,1,0,0,0,0,0,0,0,0,2,0,1,0,1,1,0,0,1,1,0,0,0,0,0,1,0,2,0,0,0,0,1,2,0,0,0,0,1,1,0,0,1,1,0,"0"
0,1,0,1,1,0,0,0,0,0,0,0,0,1,1,0,0,0,1,0,0,1,0,0,1,0,1,0,1,0,1,1,0,1,1,0,0,1,0,0,0,0,0,0,0,0,0,1,2,0,"0"
0,1,0,0,0,0,0,0,0,0,0,0,0,2,0,0,0,1,0,0,0,0,0,0,0,1,1,1,0,1,0,0,1,0,1,1,0,1,0,1,0,1,0,1,0,0,1,0,0,0,"0"
0,0,1,0,0,0,0,0,1,0,0,0,1,2,0,0,0,1,0,0,1,1,1,0,0,1,0,1,0,0,0,1,0,0,0,0,1,1,0,0,1,1,0,0,1,1,0,0,0,1,"0"
0,0,0,0,0,0,0,1,0,0,0,0,1,0,1,0,0,0,0,0,0,0,0,0,1,1,0,0,1,0,0,0,0,0,1,0,2,0,0,0,0,0,0,0,0,1,1,0,1,0,"0"
0,0,0,0,1,0,0,0,0,0,1,0,0,0,0,0,1,1,0,0,0,0,1,0,0,0,1,1,0,0,0,1,0,1,1,1,0,0,1,0,0,1,2,1,0,0,0,0,1,0,"0"
0,0,1,0,1,0,0,1,0,1,0,0,0,0,0,0,0,1,1,0,0,0,1,0,0,0,1,0,1,1,0,0,0,0,0,0,1,1,0,1,0,0,0,0,0,1,0,1,0,0,"0"
1,0,0,0,0,0,0,0,1,0,0,0,1,2,0,1,1,0,0,0,0,0,1,1,0,1,0,0,0,1,0,0,0,1,2,0,0,0,1,0,0,1,0,0,0,0,0,0,2,1,"0"
0,1,0,1,1,0,0,0,0,0,0,0,2,0,0,0,0,0,0,0,1,0,0,0,0,1,1,2,1,0,1,1,0,1,0,1,0,0,1,1,0,2,0,0,1,0,0,0,0,2,"0"
1,0,0,0,1,0,0,0,0,0,0,0,1,0,0,0,0,0,0,0,0,0,0,0,0,0,0,1,1,0,0,0,0,1,0,0,2,0,0,0,0,1,1,0,0,1,0,0,0,0,"0"
0,1,0,0,0,0,1,0,1,0,0,1,1,0,0,0,0,0,0,0,1,0,0,1,1,0,0,0,0,0,0,1,0,0,2,0,0,0,0,2,1,1,0,0,1,0,0,0,0,0,"0"
0,0,1,0,0,0,1,0,0,0,0,0,0,0,0,0,0,1,0,1,0,1,0,0,0,0,0,0,0,1,0,1,1,0,0,0,1,1,0,0,0,0,0,0,1,0,0,1,0,0,"0"
0,0,0,0,0,0,0,1,0,1,0,0,2,0,0,0,0,1,0,1,0,0,1,0,0,0,0,0,0,0,0,1,0,0,0,0,1,1,1,0,1,1,1,0,2,0,0,0,0,0,"0"
1,0,0,0,0,0,0,1,0,0,1,1,0,0,0,0,0,0,0,0,0,0,0,0,1,0,1,0,1,0,1,2,0,2,0,0,0,1,0,1,0,0,0,0,1,0,0,1,0,1,"0"
1,0,1,0,0,0,0,0,0,1,0,0,1,0,1,0,0,0,2,0,0,1,0,1,0,0,0,0,0,0,0,1,0,0,1,0,1,0,1,0,0,1,1,0,0,0,1,0,1,1,"0"
1,0,0,0,1,1,0,0,0,0,0,0,1,0,0,0,0,0,0,0,0,1,1,0,0,0,0,1,1,0,2,0,2,0,1,1,0,0,0,0,0,1,0,1,0,1,0,1,0,0,"0"
0,0,1,0,1,0,2,0,0,0,0,0,0,1,0,1,0,1,0,0,0,1,0,0,0,0,0,1,1,1,1,0,0,0,1,0,2,0,0,1,0,1,1,0,1,0,1,0,0,0,"0"
0,0,0,0,0,0,1,0,0,0,1,2,1,0,0,0,1,0,1,0,0,0,0,0,1,0,1,0,1,0,0,0,0,0,0,0,0,1,1,0,0,0,1,0,1,0,0,0,0,1,"0"
0,1,0,0,0,1,1,1,0,0,0,0,0,1,0,0,0,1,1,2,0,2,1,1,1,1,0,0,0,1,1,0,0,0,1,0,0,1,0,0,1,0,0,1,0,0,0,0,1,0,"0"
0,1,0,0,0,1,2,0,0,0,0,0,1,0,0,0,0,0,0,0,0,0,0,1,1,0,0,0,1,0,0,1,0,0,0,1,0,0,0,0,0,2,0,0,1,1,0,0,0,0,"0"
1,2,1,1,0,1,1,1,0,0,0,0,1,1,1,1,0,0,0,0,0,0,1,0,1,0,0,0,0,0,0,0,0,1,0,1,1,0,1,0,0,1,0,1,0,0,0,0,0,1,"0"
0,0,0,2,0,0,0,0,0,0,0,0,1,0,0,1,0,0,2,0,0,1,0,0,0,1,0,0,0,1,0,0,0,0,0,0,0,0,1,0,0,0,0,0,0,0,0,0,0,0,"0"
0,0,0,0,0,0,0,1,0,2,1,2,1,1,0,0,1,1,1,1,1,0,0,0,0,1,1,0,0,2,0,0,0,1,0,0,2,0,1,1,0,0,0,1,0,1,0,1,1,0,"0"
0,0,0,0,0,0,0,0,0,0,0,0,0,0,1,0,2,0,1,0,0,0,0,0,0,1,2,0,1,1,0,0,1,0,2,0,0,1,1,1,0,1,0,0,0,0,0,1,0,1,"0"
0,1,0,0,1,2,1,1,0,0,1,0,0,1,1,1,0,0,0,0,0,0,0,1,0,0,0,0,1,0,0,0,1,1,0,2,0,0,0,0,2,1,0,0,1,1,0,0,1,0,"0"
0,0,0,0,0,1,0,1,0,0,0,0,1,0,0,1,0,1,0,0,0,2,1,0,1,1,1,0,1,0,1,0,0,0,1,1,0,0,0,2,2,1,1,0,0,0,0,1,0,1,"0"
1,1,0,1,0,0,0,0,0,0,1,0,0,0,0,0,0,0,0,0,0,0,0,0,0,1,1,0,0,1,0,0,1,1,1,0,0,1,0,0,0,0,0,0,0,1,1,0,0,1,"0"
0,0,0,0,1,1,0,1,1,1,1,1,1,0,0,0,0,0,2,0,0,0,0,0,0,0,0,0,0,0,0,0,0,0,0,2,1,0,1,0,0,1,0,0,0,0,0,0,0,0,"0"
0,1,0,0,0,0,0,0,1,0,0,0,0,0,0,0,0,0,0,0,0,0,1,1,0,0,0,1,0,0,1,1,1,0,0,0,1,0,1,0,1,0,0,0,1,0,1,0,0,0,"0"
0,0,0,1,0,1,0,1,0,0,0,1,0,0,0,0,0,0,0,0,0,0,0,1,1,1,0,0,0,0,1,0,1,1,1,1,0,0,0,1,1,1,0,0,0,1,0,0,0,0,"0"
1,0,0,0,0,0,0,0,1,0,0,0,0,0,0,0,1,0,0,0,1,1,0,0,0,1,1,1,1,0,0,0,0,1,0,0,1,0,1,0,0,0,0,1,2,0,0,0,0,0,"0"
0,0,0,0,1,1,1,0,0,0,0,0,0,0,1,0,1,0,0,0,1,0,0,0,0,0,2,0,0,2,0,0,1,0,0,0,2,0,1,0,1,1,1,0,0,1,1,1,0,1,"0"
1,0,1,0,0,1,1,0,0,0,0,0,0,0,0,1,0,0,0,0,1,0,0,1,0,1,0,0,0,1,0,0,1,0,0,1,2,1,1,1,1,2,1,0,0,0,1,1,0,0,"0"
0,0,0,0,0,0,1,0,0,0,0,0,0,0,0,1,0,1,0,0,0,0,0,1,0,0,0,0,1,1,1,0,1,0,1,0,0,0,1,1,0,0,0,0,0,0,1,1,1,2,"0"
0,0,0,0,1,0,0,1,0,0,0,2,0,1,0,0,1,0,0,0,0,0,0,0,0,1,1,0,0,1,1,0,0,0,0,1,1,1,0,1,1,0,0,0,1,1,1,1,0,0,"0"
1,0,1,0,1,1,1,0,0,0,1,0,0,0,0,0,1,1,0,1,0,1,1,0,0,2,0,1,0,0,0,0,0,0,2,0,0,0,1,1,0,0,0,0,0,1,0,1,0,1,"0"
0,0,0,0,0,0,1,0,0,0,0,0,0,1,1,0,1,0,0,0,0,0,0,0,0,0,0,2,1,0,0,0,1,0,0,0,0,0,1,0,0,0,1,1,0,0,0,0,1,2,"0"
0,0,0,0,0,0,0,0,0,0,0,1,0,1,0,0,0,0,0,0,1,0,0,1,1,0,0,2,0,1,0,0,1,0,0,2,0,0,0,0,0,0,0,0,1,0,1,0,0,0,"0"
0,1,0,0,1,0,1,0,0,0,1,0,0,1,1,0,0,1,0,0,0,0,0,0,0,0,0,0,0,0,0,0,1,1,0,0,1,0,1,0,0,0,0,0,0,0,0,0,1,1,"0"
0,0,1,1,1,1,0,1,0,0,0,0,0,0,1,0,0,0,0,0,0,1,0,0,0,0,2,0,0,1,0,0,0,0,0,0,0,0,1,0,0,0,0,2,0,0,1,0,1,0,"0"
0,0,0,0,0,0,0,0,0,0,0,0,1,2,1,0,1,0,0,0,0,0,0,0,0,0,1,1,0,0,1,1,0,0,1,1,0,0,0,0,1,1,0,0,0,0,1,0,0,0,"0"
1,1,0,1,0,0,1,1,0,0,0,1,1,0,0,0,0,1,1,0,0,1,0,1,1,0,0,1,1,0,1,0,0,0,2,0,1,1,0,0,0,0,1,0,0,0,1,0,0,1,"0"
0,0,2,1,1,0,1,0,0,0,0,0,1,0,0,0,0,0,2,1,0,0,0,2,0,0,0,0,0,0,0,0,1,0,0,1,0,0,0,2,1,2,0,0,0,1,1,0,1,1,"0"
0,0,1,0,0,0,0,1,0,1,1,0,0,0,2,2,0,0,0,0,0,0,0,0,0,0,0,1,0,0,1,0,1,1,0,0,0,1,0,2,1,1,0,0,1,0,1,0,0,1,"0"
0,0,0,0,0,1,0,1,0,1,1,0,0,0,1,0,0,1,0,0,0,0,0,0,0,1,0,0,1,1,1,1,0,2,0,0,0,0,0,0,0,1,0,1,0,1,0,1,0,1,"0"
1,0,0,0,0,0,0,1,0,1,0,0,0,0,2,2,0,0,0,0,1,0,1,0,0,1,0,0,1,0,1,0,0,0,0,2,0,1,0,0,1,1,1,0,0,0,0,0,1,0,"0"
0,1,0,1,1,0,1,0,0,0,0,0,0,1,1,0,0,0,0,0,0,1,1,0,0,1,0,0,0,0,0,1,1,0,0,0,0,2,0,1,0,1,0,0,1,0,0,0,0,0,"0"
0,0,0,0,0,0,0,0,0,1,0,0,0,0,0,1,1,0,0,0,0,0,1,0,0,1,1,0,0,0,0,0,0,1,0,0,1,0,1,0,0,0,0,0,1,0,1,0,1,0,"0"
0,0,0,1,2,0,0,0,1,0,0,0,0,0,0,0,1,0,1,0,0,0,0,0,0,1,0,0,0,0,0,0,1,0,0,0,1,1,1,1,1,1,1,0,0,1,0,0,1,0,"0"
0,0,0,0,0,0,0,0,0,0,0,1,0,0,0,0,0,0,1,0,0,0,0,1,1,0,0,0,1,1,1,0,0,1,0,0,0,0,1,0,0,1,1,0,0,0,1,0,1,0,"0"
0,0,1,0,0,0,0,1,1,0,1,0,0,1,0,0,0,0,0,0,0,0,0,0,0,0,0,1,1,0,0,1,1,0,1,0,0,0,0,0,1,1,0,1,1,0,0,0,1,0,"0"
0,1,0,0,0,0,1,0,0,1,0,0,0,0,0,0,0,0,1,1,1,0,0,0,0,0,0,0,0,0,1,0,2,0,1,0,0,1,0,1,0,0,1,0,1,0,0,1,1,0,"0"
0,0,1,1,0,0,1,0,1,0,0,0,1,0,0,0,0,1,1,0,1,0,0,1,0,1,0,2,1,0,0,0,1,0,0,1,0,0,0,1,1,0,1,1,1,0,0,0,0,0,"0"
1,1,0,0,0,0,2,0,1,1,2,0,0,0,0,0,0,0,0,0,1,0,0,0,0,0,0,1,0,0,0,0,0,0,0,0,2,1,0,0,0,0,1,0,0,0,0,1,1,0,"0"
0,0,0,0,0,0,0,0,0,1,0,1,0,1,1,0,0,0,0,0,1,1,2,1,0,0,1,0,0,0,0,1,0,0,1,0,0,0,0,0,1,1,0,1,0,0,0,0,0,0,"0"
1,0,0,0,1,0,0,0,0,1,0,1,0,0,0,0,0,0,1,0,0,1,0,0,0,0,1,1,2,0,0,0,1,2,1,0,0,0,0,0,0,1,0,0,0,1,2,0,0,1,"0"
1,0,1,0,0,0,1,0,0,1,0,0,1,0,0,0,0,2,0,0,0,0,0,0,0,1,0,0,0,0,1,1,0,0,1,1,0,0,0,2,2,1,0,1,1,0,0,0,2,0,"0"
0,1,1,0,0,1,1,0,1,0,0,0,0,1,1,0,0,0,0,0,0,0,1,0,0,0,2,0,0,0,0,2,1,0,1,1,0,0,0,1,0,1,1,1,0,0,0,0,1,0,"0"
0,0,0,0,0,0,1,1,1,0,0,1,0,0,1,1,0,0,0,0,0,0,0,0,0,1,0,0,1,1,0,0,0,0,0,1,0,1,0,0,0,0,2,0,0,0,2,0,0,0,"0"
0,1,0,1,0,1,0,0,0,0,0,0,0,0,0,0,0,1,0,0,1,1,1,0,0,1,0,0,0,0,1,0,2,0,0,0,0,0,0,0,0,1,0,0,0,2,1,0,1,0,"0"
0,1,0,1,0,0,0,0,0,1,0,0,0,1,0,0,0,0,0,1,1,1,1,0,0,0,1,1,0,1,0,2,0,0,0,0,1,0,0,0,0,0,1,0,1,1,0,1,0,1,"0"
0,1,1,0,1,1,0,0,0,0,0,0,0,0,1,0,0,0,0,1,0,0,0,0,1,2,1,0,0,0,0,0,0,0,1,1,1,1,1,0,0,1,0,1,0,0,0,0,0,2,"0"
0,0,0,0,0,0,0,1,0,0,0,0,0,0,1,0,0,0,0,0,0,1,0,0,0,0,0,0,0,1,0,0,1,1,1,0,0,0,0,0,1,0,0,0,1,1,0,1,0,1,"0"
0,0,0,0,0,1,0,0,0,0,0,1,0,0,0,0,0,0,0,0,0,0,0,0,0,0,0,0,2,0,2,0,0,1,1,1,0,1,1,0,1,2,0,0,0,0,0,0,0,0,"0"
0,1,0,0,0,1,1,0,0,0,0,0,0,0,0,0,1,0,0,0,0,0,0,1,0,2,1,1,1,0,0,1,0,1,0,1,1,1,0,1,0,0,1,0,1,1,1,0,0,0,"0"
1,1,0,1,2,0,0,1,0,0,0,0,0,0,0,0,0,1,0,0,0,0,1,0,1,0,0,1,0,1,0,1,0,1,0,0,1,0,1,0,0,2,0,0,0,0,0,0,0,1,"0"
0,0,0,0,1,0,0,0,0,0,0,1,1,1,0,0,0,1,0,0,0,1,1,1,0,0,2,0,0,0,0,0,0,0,0,1,0,0,1,0,0,0,1,1,0,1,0,0,1,0,"0"
2,0,0,0,0,0,0,0,0,1,0,1,0,0,0,0,1,1,0,0,0,0,0,0,0,0,1,1,0,0,0,2,0,1,1,0,1,0,0,1,1,0,1,0,1,1,2,1,0,0,"0"
0,0,0,0,0,0,0,0,0,0,0,0,0,0,1,0,1,0,1,1,0,0,1,1,0,1,2,0,0,1,1,0,1,0,1,1,0,0,0,0,1,0,0,0,0,0,0,0,1,0,"0"
0,0,1,0,0,0,0,0,0,0,1,1,0,0,0,0,0,1,0,0,0,1,1,1,0,0,0,0,1,1,0,1,1,0,0,1,1,1,0,0,0,0,1,0,0,0,1,0,0,0,"0"
0,0,0,0,1,0,1,0,0,1,0,1,0,0,0,0,0,0,0,0,0,1,0,0,0,1,2,0,0,1,0,0,1,1,0,0,1,0,1,0,0,0,1,0,0,1,0,0,0,1,"0"
0,0,0,0,0,0,0,0,0,0,0,1,0,0,0,1,0,1,1,0,0,0,0,1,0,0,0,0,0,0,0,1,0,0,0,0,1,0,0,0,2,0,0,1,1,0,0,2,1,0,"0"
0,0,1,0,0,0,0,0,0,0,1,0,0,0,0,0,1,0,0,0,0,1,0,0,0,1,1,0,1,0,0,1,0,0,1,1,0,0,1,1,0,0,0,0,1,0,0,0,2,0,"0"
0,0,0,0,1,0,1,0,1,0,0,0,0,1,0,2,0,0,0,0,0,1,0,0,1,0,0,0,0,1,0,0,0,1,0,0,1,0,1,1,0,1,0,1,0,0,0,1,0,0,"0"
0,1,0,0,0,0,0,0,0,0,0,0,0,0,0,0,0,0,0,0,0,0,0,1,0,0,0,0,0,0,1,1,0,0,1,0,0,0,0,1,0,0,1,0,1,1,0,0,1,1,"0"
0,0,0,0,1,0,0,0,1,0,0,0,0,0,0,0,1,0,0,1,1,0,0,0,0,0,0,0,0,0,0,0,0,0,0,1,0,0,1,0,1,0,0,0,0,0,0,1,1,1,"0"
0,0,1,1,1,0,0,0,0,0,1,0,0,0,0,0,0,1,0,0,0,0,1,0,0,0,0,0,0,1,1,0,0,0,0,1,0,0,1,1,0,0,0,1,1,0,1,0,1,0,"0"
0,2,1,0,0,0,1,0,1,0,0,0,0,1,0,0,1,0,1,1,0,0,0,0,0,0,1,0,1,0,1,0,0,0,1,0,0,1,0,0,1,1,0,1,0,0,0,1,0,1,"0"
0,0,0,0,0,0,0,0,0,0,0,1,1,1,0,0,0,0,0,0,1,0,1,0,0,0,1,2,2,1,1,0,0,0,0,0,0,0,0,0,0,0,0,2,0,0,0,1,1,0,"0"
0,1,0,0,1,0,0,0,0,0,0,0,0,0,0,0,0,0,1,0,1,1,1,0,0,1,0,1,0,0,1,0,0,0,0,0,0,1,1,0,2,1,2,0,0,0,0,0,0,0,"0"
0,1,0,0,0,0,0,1,1,1,0,0,0,0,0,0,0,0,0,0,0,1,0,0,0,1,0,0,0,0,0,1,1,0,0,0,0,1,0,1,0,1,0,0,0,0,0,0,2,0,"0"
0,1,0,0,1,1,0,0,0,0,0,1,1,0,2,0,0,0,0,2,0,0,0,0,1,0,1,1,1,0,1,1,0,0,0,1,1,0,0,0,1,0,0,0,1,2,0,0,1,0,"0"
1,0,0,0,0,0,1,0,0,1,0,1,0,0,1,0,0,1,0,1,0,0,0,0,1,2,0,0,1,1,0,0,1,0,1,0,0,2,0,0,2,1,1,0,0,0,0,0,0,0,"0"
0,0,0,0,1,1,0,0,1,1,0,0,0,1,1,0,0,0,1,1,0,0,0,1,0,0,1,0,1,0,0,1,1,0,0,0,0,0,1,0,0,1,0,0,2,0,0,0,0,0,"0"
0,0,0,0,0,0,1,0,0,0,0,0,0,0,1,0,0,0,1,1,0,0,1,0,0,1,0,0,1,0,1,0,0,2,0,0,1,2,1,0,0,0,0,1,0,1,0,1,0,2,"0"
0,0,0,0,0,0,0,0,1,0,0,1,0,0,0,1,2,0,0,0,1,0,1,0,0,1,0,1,1,0,0,1,1,0,0,1,0,1,0,0,0,0,0,1,0,0,1,1,0,1,"0"
0,0,1,0,0,0,0,0,0,0,1,0,0,0,1,0,0,0,1,1,0,0,1,2,1,0,0,1,0,0,0,0,0,1,0,0,0,2,0,1,1,1,1,0,0,1,1,1,0,1,"0"
1,0,0,0,0,0,0,0,1,0,0,1,0,0,0,0,0,0,2,0,0,1,0,0,1,1,1,0,0,0,0,0,1,1,1,0,1,0,0,0,0,0,0,1,0,2,0,0,1,0,"0"
1,0,0,0,0,0,0,0,1,1,0,0,0,0,0,0,0,1,1,0,0,0,0,0,0,0,0,0,0,1,1,0,0,1,0,0,1,0,0,0,0,0,0,0,1,0,0,0,1,0,"0"
0,1,0,0,0,1,0,0,1,0,1,0,1,0,0,0,0,0,0,1,0,0,1,0,0,0,1,1,0,1,1,2,1,2,0,0,0,2,1,0,0,0,1,1,0,0,0,0,0,0,"0"
0,0,0,0,1,0,0,1,0,0,0,0,0,0,0,0,0,0,1,0,0,0,1,1,1,0,1,1,0,2,0,0,0,1,1,1,1,1,0,0,0,0,1,1,0,1,1,0,1,0,"0"
0,0,1,0,0,0,0,0,0,0,0,0,0,0,0,1,0,0,1,0,0,0,0,0,0,0,1,1,0,2,0,1,1,1,0,1,0,0,0,1,2,0,1,0,0,0,0,1,1,1,"0"
0,0,0,0,0,0,1,0,0,0,0,2,1,0,0,0,0,0,0,0,0,1,0,0,0,2,1,0,1,0,0,0,0,0,2,0,1,1,1,0,0,2,1,0,1,0,2,0,0,0,"0"
0,0,0,0,0,0,0,0,0,0,0,1,1,1,1,0,0,0,0,0,0,1,1,0,0,1,0,1,1,0,0,0,1,0,0,1,2,0,0,0,1,1,0,1,1,0,0,1,0,0,"0"
0,1,1,0,0,1,0,0,1,0,0,0,0,0,1,1,1,0,0,0,0,0,0,0,0,1,0,0,0,1,0,0,0,0,0,0,1,1,0,1,0,0,0,0,0,0,1,1,0,2,"0"
0,0,0,0,0,0,0,0,0,0,1,0,1,0,1,0,0,1,0,0,1,1,1,1,0,0,1,0,0,1,0,1,1,1,1,0,0,0,0,0,1,0,1,1,1,0,0,0,0,0,"0"
0,0,0,0,1,1,0,0,0,0,1,0,0,0,0,1,0,0,0,0,0,0,0,0,0,0,0,0,1,0,0,1,1,0,1,1,0,0,0,1,1,0,1,0,1,1,1,0,0,0,"0"
0,0,0,0,0,0,0,1,0,0,0,0,0,0,0,0,1,0,1,0,0,1,1,0,0,0,0,0,1,0,0,0,0,0,0,0,0,0,0,0,1,2,0,1,1,0,1,0,2,0,"0"
0,1,0,0,0,0,0,0,0,0,0,0,1,0,0,0,0,1,0,0,0,0,1,1,0,0,0,0,0,1,0,0,1,0,0,1,1,2,1,1,2,0,0,0,0,1,0,0,0,1,"0"
0,0,0,1,0,0,0,0,1,0,0,0,1,1,0,1,0,0,0,0,2,2,1,0,0,0,0,2,0,0,1,1,0,0,0,1,0,1,0,2,1,0,0,0,0,0,0,0,0,0,"0"
0,1,0,0,0,0,0,0,1,0,1,0,0,1,1,1,0,0,0,0,0,0,1,0,0,0,0,0,0,0,1,0,0,1,0,0,0,1,2,1,1,0,1,1,2,1,0,0,1,1,"0"
1,0,0,0,0,1,0,0,0,0,0,0,1,0,0,0,0,1,0,1,0,1,0,0,0,0,0,0,0,0,1,0,0,2,1,1,0,1,1,0,2,1,0,0,1,1,0,2,0,0,"0"
0,0,0,0,1,0,0,0,1,0,0,0,1,0,0,0,0,1,0,1,0,1,0,0,0,0,0,0,1,1,0,1,0,0,0,0,0,0,0,0,0,1,2,0,0,0,1,0,2,0,"0"
0,0,0,0,0,0,1,1,0,0,0,0,1,0,0,1,0,0,1,1,0,1,0,0,0,1,0,0,0,1,1,0,1,0,0,0,1,1,1,0,1,0,0,1,0,0,0,0,0,1,"0"
0,1,0,0,0,0,0,1,1,0,0,0,0,0,0,1,1,0,1,1,0,1,0,1,0,0,1,0,1,1,1,1,0,0,0,0,0,0,1,0,1,0,1,1,0,1,1,1,1,0,"0"
0,0,1,0,0,0,0,1,1,0,0,0,1,0,1,2,0,0,0,0,1,0,0,1,1,0,0,1,0,0,0,0,0,0,0,0,0,0,2,1,0,0,0,1,1,0,0,0,0,2,"0"
0,0,0,0,0,1,0,0,1,0,0,1,0,0,0,0,0,0,1,0,0,0,0,0,0,1,0,0,1,0,0,0,1,1,1,0,2,0,0,1,1,0,0,1,0,0,0,1,1,2,"0"
1,0,1,0,0,0,1,0,0,1,0,0,0,1,0,0,0,1,1,0,0,1,0,0,0,0,0,0,2,0,1,0,0,0,0,1,0,0,0,0,1,0,0,0,1,0,0,0,0,0,"0"
0,0,0,0,0,0,0,0,0,0,1,0,0,1,0,0,0,0,0,0,0,1,1,0,1,0,1,0,1,0,1,1,2,1,0,1,1,0,1,1,1,0,0,1,1,0,0,0,1,0,"0"
0,0,0,1,1,1,0,0,1,0,0,1,0,0,0,0,0,0,0,0,1,1,0,0,1,0,0,0,0,1,1,0,0,1,0,0,0,0,0,1,1,1,0,0,0,0,1,0,1,0,"0"
1,0,1,0,0,0,2,0,0,1,0,0,1,0,0,0,0,1,0,0,0,0,2,0,1,0,0,1,0,0,0,0,0,0,1,0,0,2,1,0,1,0,2,0,0,1,0,1,0,1,"0"
0,0,0,0,0,0,0,0,0,0,0,0,0,0,1,0,0,0,0,0,0,0,0,0,0,0,1,1,0,0,0,1,1,0,0,0,0,0,0,1,0,0,1,0,1,0,0,0,0,0,"0"
0,1,0,1,0,1,0,1,1,1,0,1,0,0,1,0,0,1,1,0,0,0,1,0,0,0,1,0,0,0,1,0,1,0,0,1,0,0,0,0,0,0,0,0,0,0,0,2,0,0,"0"
0,0,0,0,0,0,0,0,0,0,0,0,0,1,0,0,0,0,0,0,0,0,1,1,0,0,0,0,0,2,1,1,0,0,0,1,0,0,0,0,1,0,0,0,1,0,2,0,0,0,"0"
1,1,1,0,2,0,1,1,0,0,0,0,1,0,0,0,1,1,0,1,0,0,0,1,0,0,2,0,0,1,0,0,0,1,0,1,0,0,0,0,0,1,1,1,0,0,1,0,0,0,"0"
0,0,0,1,1,0,0,0,0,0,0,0,0,1,1,0,0,1,0,0,0,0,0,0,0,0,1,0,0,0,0,2,1,2,1,1,0,1,1,0,1,1,1,1,0,1,1,0,1,1,"0"
0,1,1,1,1,0,0,0,0,0,0,1,0,0,0,0,0,1,0,1,0,0,0,0,0,1,0,0,0,0,0,0,1,0,1,0,2,0,1,1,0,0,0,0,0,1,0,0,0,1,"0"
0,1,0,0,0,0,0,1,1,0,1,0,1,0,0,0,0,0,0,0,0,0,0,0,0,0,2,0,0,0,0,0,0,0,0,1,0,1,0,0,1,0,0,1,1,1,0,0,0,0,"0"
0,1,0,1,0,0,0,0,0,0,1,0,0,0,1,0,1,0,0,1,0,1,1,0,0,0,2,0,1,0,0,0,0,0,0,1,0,0,0,0,0,0,1,0,0,0,0,1,1,0,"0"
0,0,0,0,0,0,0,1,0,0,0,0,0,0,0,0,0,1,1,0,1,1,1,0,0,0,0,0,0,0,0,1,0,1,1,0,0,0,0,0,1,1,0,0,1,0,1,1,2,1,"0"
0,0,0,0,0,1,1,1,0,0,0,0,0,0,0,0,0,0,0,0,0,0,0,0,1,0,0,0,0,1,1,0,0,0,1,0,0,0,0,0,0,2,0,0,1,0,0,0,1,0,"0"
0,0,0,0,0,0,0,0,0,1,1,0,0,1,1,0,0,0,0,1,0,0,0,0,0,1,1,0,0,0,1,0,1,0,0,0,1,1,1,0,1,0,1,0,0,1,0,0,0,1,"0"
0,0,0,0,0,1,1,1,0,0,0,0,1,0,1,0,0,0,0,0,0,0,0,1,1,0,0,0,0,0,0,0,0,0,0,0,0,0,0,0,0,1,1,1,1,0,1,0,0,0,"0"
0,1,1,1,0,0,0,0,0,0,2,0,0,0,1,1,0,0,0,0,1,0,0,0,1,1,0,0,1,0,1,0,1,0,0,1,1,1,0,0,0,1,0,0,1,1,0,0,1,0,"0"
0,0,0,1,1,0,0,0,0,0,0,0,0,0,0,0,0,0,0,0,1,0,0,0,0,0,0,0,0,1,1,1,1,0,1,1,1,2,0,1,1,0,0,1,0,1,0,0,0,0,"0"
0,0,0,1,0,0,0,0,0,0,0,0,0,1,0,0,0,0,0,1,1,1,0,0,2,0,1,0,0,1,0,0,2,0,0,1,0,0,0,0,0,0,0,1,1,1,1,0,1,1,"0"
0,0,1,1,1,1,0,0,1,0,1,1,0,0,0,0,1,1,0,0,0,1,1,0,0,2,1,0,0,2,0,0,0,1,0,0,0,0,0,2,0,0,1,0,0,1,0,1,0,0,"0"
0,0,0,0,0,0,0,0,1,0,0,0,0,0,0,0,1,0,0,1,0,0,0,0,0,0,0,2,0,0,0,0,0,0,1,1,0,0,0,1,0,0,1,0,1,1,0,0,1,0,"0"
0,0,1,0,0,0,1,0,0,1,0,0,0,0,0,0,0,0,1,1,0,0,0,0,0,0,0,1,1,1,1,1,0,0,1,0,0,0,1,0,0,0,1,0,0,1,1,0,0,1,"0"
0,1,0,1,0,0,1,0,0,0,0,0,1,1,1,0,0,0,1,0,1,0,0,0,0,0,0,0,0,0,2,0,0,1,1,1,1,1,0,0,1,0,0,0,0,2,0,0,1,0,"0"
0,0,0,1,0,0,0,0,0,1,0,1,0,0,0,1,1,0,1,0,0,0,0,0,0,0,1,0,0,0,0,0,1,0,2,1,0,0,2,0,0,1,0,1,1,1,0,0,0,0,"0"
1,0,1,0,1,1,0,0,0,0,0,0,0,0,0,0,0,1,0,0,0,0,1,1,1,1,1,1,1,0,1,1,1,0,1,0,0,1,0,0,0,0,0,2,1,0,1,0,0,1,"0"
0,0,0,1,1,0,0,0,0,1,0,2,1,0,1,1,1,0,0,0,0,0,0,0,0,0,0,0,0,1,1,0,2,0,2,0,1,1,0,0,0,0,0,0,0,0,0,0,1,1,"0"
0,0,0,0,0,1,0,0,1,0,0,1,1,0,0,0,0,0,2,1,0,0,0,0,0,1,2,0,1,0,0,0,1,0,0,0,0,0,1,0,0,0,1,1,0,1,0,1,0,0,"0"
0,0,1,0,0,0,1,0,0,0,0,0,0,0,1,0,0,0,1,0,0,2,0,0,1,0,2,1,0,0,0,0,0,1,1,1,1,0,1,1,0,0,0,1,1,0,0,0,1,0,"0"
1,0,0,0,0,1,1,0,2,0,0,1,0,1,0,1,0,0,0,1,0,0,0,0,0,1,0,0,2,2,0,0,0,1,0,0,1,1,0,0,1,0,2,1,0,0,2,1,0,0,"0"
0,0,1,1,0,0,0,0,0,0,0,0,2,1,1,1,1,1,0,0,0,0,0,0,0,0,0,0,0,0,0,0,0,0,1,1,1,0,0,2,1,0,1,0,2,1,0,0,1,0,"0"
0,0,0,1,0,0,1,1,0,0,1,0,1,0,0,0,0,0,0,0,1,0,0,0,0,1,1,2,0,0,1,0,2,0,0,1,0,1,1,0,0,0,0,0,0,0,0,1,1,1,"0"
0,0,1,1,0,0,0,0,0,0,0,1,0,0,1,0,0,0,0,0,0,0,0,0,0,2,0,0,0,2,1,0,1,1,0,0,0,1,1,0,1,0,0,0,0,0,1,2,1,1,"0"
1,1,0,0,0,0,0,0,0,0,0,0,0,1,0,0,1,0,0,0,0,0,0,1,0,0,0,0,0,1,0,0,0,0,0,1,0,0,1,0,1,0,1,0,0,0,0,0,1,0,"0"
0,1,0,0,0,0,0,0,1,0,0,0,0,0,0,1,0,0,0,0,1,0,0,0,0,0,1,2,0,0,0,0,0,1,2,0,0,0,2,0,0,1,0,0,1,0,0,1,0,0,"0"
0,0,0,0,1,2,1,1,0,1,0,0,0,0,0,0,0,0,0,0,0,0,0,0,0,2,0,1,0,0,1,0,0,0,1,1,1,0,0,0,1,0,0,0,0,1,0,2,0,0,"0"
0,0,0,0,0,0,0,0,0,1,0,1,0,0,0,0,0,0,1,1,1,0,0,0,0,0,0,0,1,0,0,1,0,1,0,0,1,1,1,1,0,1,1,1,0,0,1,0,0,0,"0"
0,0,0,0,0,1,0,0,0,1,0,0,1,0,0,1,0,1,0,0,0,1,0,0,0,1,1,1,1,0,0,0,0,0,0,0,0,0,1,0,0,0,0,1,0,1,0,0,1,0,"0"
0,0,0,0,0,0,0,0,0,2,0,1,0,0,1,0,0,0,0,0,0,0,0,0,0,0,0,0,0,1,0,1,0,0,1,0,1,1,1,0,0,0,1,0,1,1,0,0,0,1,"0"
1,0,2,1,0,0,0,0,0,0,0,0,1,2,1,0,1,0,0,0,1,0,0,0,0,1,0,2,1,0,1,0,0,1,0,0,0,0,0,0,1,0,0,1,0,1,1,0,0,0,"0"
0,1,0,0,1,0,1,1,0,0,0,0,1,0,1,0,0,0,1,0,0,0,1,0,0,0,1,1,1,1,0,0,0,0,1,1,1,1,0,1,0,1,0,1,0,0,1,1,0,0,"0"
0,0,1,0,0,0,1,1,0,0,0,0,1,1,0,0,0,0,1,1,1,0,0,0,0,0,0,0,0,1,0,1,0,1,0,0,0,0,1,0,0,2,0,0,1,0,0,0,0,0,"0"
0,0,0,0,0,0,1,2,0,0,0,1,0,0,0,0,0,1,0,0,0,0,0,1,0,1,1,0,0,0,0,0,0,0,1,0,0,2,1,0,0,0,0,0,0,0,0,1,0,0,"0"
0,1,1,0,0,1,0,1,1,0,0,0,0,0,0,0,0,0,1,0,1,0,0,0,0,1,0,1,1,0,0,1,0,0,1,0,1,0,1,1,0,0,0,0,1,0,0,0,1,0,"0"
0,0,0,1,0,1,0,0,0,1,1,0,1,0,0,1,0,0,0,0,1,0,0,0,0,0,1,0,0,0,1,0,2,1,0,1,0,0,0,0,0,0,0,0,0,1,0,1,1,0,"0"
1,1,0,0,0,0,1,0,0,0,0,0,0,0,1,1,0,0,1,1,1,0,1,0,0,0,0,0,0,0,0,0,0,0,0,0,0,0,0,1,2,1,0,0,1,0,0,2,0,1,"0"
0,1,0,1,1,1,0,0,0,0,0,0,0,0,0,0,0,0,0,1,1,0,0,0,0,0,0,0,0,0,1,2,0,0,0,1,0,1,0,0,1,0,1,0,0,1,1,1,1,0,"0"
0,0,0,0,1,0,0,0,0,0,0,0,1,0,0,1,0,1,1,0,1,0,1,0,0,1,1,0,0,0,0,0,2,1,1,0,1,1,0,1,1,0,0,0,1,1,0,1,0,1,"0"
1,1,0,0,0,0,1,0,0,0,0,0,0,0,0,0,0,0,0,0,0,0,0,1,0,0,0,1,1,0,1,1,0,0,1,0,1,0,0,1,0,1,0,1,0,0,1,1,0,1,"0"
2,0,0,1,0,0,0,0,1,0,0,0,0,1,0,0,0,0,0,0,0,0,0,0,0,0,1,1,0,0,1,0,0,0,0,0,1,0,0,0,0,0,0,0,0,0,1,0,0,2,"0"
1,0,0,0,0,1,0,0,0,0,0,0,1,0,0,0,1,0,0,2,0,0,0,0,0,0,1,2,1,0,1,1,0,0,0,0,1,1,0,0,1,2,1,0,0,0,0,1,0,1,"0"
0,1,0,0,0,0,0,0,0,2,0,0,0,1,0,0,0,0,0,0,0,0,0,0,0,0,0,0,0,0,0,1,0,2,0,0,0,1,0,1,0,0,0,2,0,0,0,0,0,0,"0"
1,0,0,0,1,0,0,2,1,0,0,0,1,0,1,1,0,0,2,1,1,0,0,0,1,0,0,1,0,1,0,0,0,0,0,0,1,1,1,0,0,0,1,0,1,1,1,0,0,0,"0"
1,1,0,1,0,0,0,0,0,0,1,0,0,0,0,0,0,1,0,0,0,0,1,0,0,1,1,0,0,0,0,0,0,1,0,0,0,0,0,0,0,2,0,0,0,1,1,0,0,0,"0"
1,0,0,0,2,0,1,1,0,0,0,0,0,1,1,0,0,1,0,1,0,1,1,0,0,1,0,0,1,0,1,1,0,1,1,0,1,0,0,1,0,0,0,1,1,0,0,0,0,0,"0"
0,0,1,0,1,0,0,1,1,0,1,0,1,0,1,1,0,1,0,0,0,0,0,0,0,0,0,1,0,0,1,0,0,0,0,0,1,1,0,1,0,0,0,0,0,0,0,0,0,1,"0"
0,0,0,0,1,0,0,1,0,0,1,2,0,0,0,0,1,0,0,1,0,0,1,0,0,0,1,0,0,0,1,0,0,0,0,1,1,0,1,0,0,1,0,1,0,1,0,1,0,0,"0"
0,0,0,0,0,1,1,1,0,1,0,0,0,0,1,1,0,0,0,0,1,0,0,0,1,0,2,0,1,0,1,0,0,0,0,0,0,0,2,0,0,0,1,0,1,1,0,0,1,1,"0"
0,1,0,0,0,1,0,0,0,1,0,0,0,0,0,0,0,0,0,1,0,1,1,1,0,1,0,0,2,1,0,0,0,0,1,0,0,1,1,0,0,1,1,0,0,1,0,0,0,0,"0"
0,0,0,1,0,1,1,0,0,0,1,0,0,0,0,0,0,1,0,0,1,0,0,0,1,0,0,0,0,1,0,1,0,0,1,0,2,0,1,0,0,0,1,0,0,0,0,0,0,1,"0"
0,0,0,1,0,0,0,0,1,0,2,0,0,0,0,0,1,0,0,1,0,0,0,1,1,1,2,0,0,0,1,0,0,0,0,0,1,1,0,0,0,0,0,0,1,0,0,0,0,0,"0"
1,0,0,0,1,0,1,0,1,1,0,0,0,0,0,0,0,0,0,0,1,1,0,1,1,1,0,0,0,0,0,1,0,1,0,1,0,0,1,1,2,0,0,0,0,1,0,0,1,0,"0"
0,0,0,0,1,0,1,0,1,1,1,0,0,0,1,0,1,1,1,1,0,0,0,0,0,0,0,0,2,1,1,0,0,0,0,0,1,0,0,0,0,0,0,0,2,0,0,0,0,0,"0"
0,0,2,1,0,1,0,0,1,0,0,0,1,0,1,0,0,1,0,0,1,0,0,0,1,0,0,2,1,0,1,0,1,0,0,0,1,1,0,1,0,1,0,1,0,0,0,0,0,0,"0"
2,0,0,0,0,0,0,0,0,0,0,0,0,0,0,0,0,0,1,1,1,1,1,0,0,1,0,0,0,1,0,2,0,2,0,0,1,0,0,0,0,0,0,0,1,1,1,0,0,1,"0"
0,0,0,0,0,0,0,0,0,0,1,0,0,1,0,2,0,1,0,0,1,0,0,0,0,0,0,0,0,2,1,0,1,1,0,0,1,1,0,1,1,0,0,1,1,0,0,1,0,0,"0"
0,0,1,0,0,0,1,0,0,1,1,0,0,1,0,0,1,0,0,0,0,0,1,0,1,0,0,1,0,2,0,1,0,1,0,0,0,0,0,1,0,1,2,1,0,1,0,1,0,1,"0"
1,0,0,0,0,0,2,0,1,0,0,0,1,0,0,1,1,0,0,0,0,0,0,0,0,0,0,1,0,1,0,1,0,1,0,0,0,1,0,0,0,0,1,1,1,0,0,0,1,0,"0"
1,1,0,0,0,0,0,0,0,0,0,0,0,0,0,0,0,0,0,0,2,1,1,0,0,0,1,1,1,0,1,0,0,1,0,1,1,0,0,1,1,0,1,0,0,0,0,1,1,1,"0"
1,0,0,0,0,0,0,0,1,0,1,0,0,0,1,0,0,0,0,0,1,0,0,0,0,0,1,1,1,1,0,0,1,2,0,0,1,1,1,0,0,0,1,0,0,0,1,1,0,0,"0"
0,0,0,0,0,0,0,0,0,0,0,0,0,1,1,1,0,0,0,0,1,0,0,0,0,0,0,0,0,1,0,1,0,0,0,1,1,0,0,0,0,0,0,1,0,0,0,1,0,1,"0"
0,1,1,0,1,0,0,0,1,0,0,0,0,0,0,0,1,0,1,0,0,0,2,0,1,0,0,0,0,2,0,0,0,0,0,1,0,0,1,1,0,1,0,1,0,0,0,1,0,1,"0"
0,0,1,0,0,1,0,0,0,0,0,0,0,0,0,0,1,1,1,1,0,0,0,0,0,1,0,0,0,0,0,1,1,0,0,0,1,0,0,0,0,1,0,0,1,0,1,0,0,0,"0"
0,0,0,2,1,0,0,0,0,0,0,0,0,0,0,0,0,1,0,0,0,0,0,0,0,0,0,0,1,1,1,0,0,0,2,0,1,0,1,1,0,0,0,0,1,0,0,0,0,0,"0"
0,0,0,0,1,0,0,0,0,0,0,1,0,0,0,0,1,0,0,1,1,0,0,0,1,0,0,0,0,0,0,0,0,0,0,1,0,1,0,0,1,0,1,0,0,0,0,0,0,1,"0"
0,1,0,0,0,0,0,0,1,0,0,1,0,0,0,1,0,0,1,1,0,0,0,0,0,1,0,0,0,0,0,0,1,0,0,1,0,0,2,0,2,0,1,0,0,0,0,1,0,0,"0"
0,1,0,1,0,1,1,0,0,0,0,0,0,0,0,0,0,0,0,0,0,0,0,0,1,0,0,1,0,0,0,0,0,1,0,1,1,0,0,0,1,0,0,1,0,1,1,1,0,0,"0"
2,0,0,1,1,0,0,0,0,2,1,0,0,1,1,0,0,0,1,0,0,1,0,0,1,0,1,0,0,1,0,0,1,0,0,0,1,0,0,0,0,0,0,0,0,0,1,0,0,1,"0"
0,1,0,0,0,0,0,1,0,0,2,0,1,0,0,0,0,1,0,1,0,0,0,0,0,1,0,1,0,0,0,0,0,0,0,0,0,0,0,0,1,1,1,1,0,0,0,2,0,1,"0"
0,0,0,0,0,0,0,0,0,0,1,0,0,0,0,0,0,1,1,0,0,0,1,0,0,0,0,1,0,0,0,0,0,1,1,1,2,0,1,0,0,0,0,0,0,0,0,0,0,0,"0"
0,0,0,1,2,0,0,0,0,0,1,0,0,0,0,0,0,0,1,1,1,0,0,1,0,0,0,1,0,0,0,0,1,1,0,2,1,0,0,0,0,2,0,0,0,1,0,0,0,0,"0"
0,1,0,0,0,0,0,0,0,0,1,0,0,0,0,0,2,0,0,0,0,0,0,0,0,1,0,1,0,0,0,0,0,0,0,0,1,0,1,2,0,0,0,0,1,0,0,2,0,1,"0"
0,1,1,0,0,0,1,1,1,0,0,1,0,0,1,0,1,0,1,0,1,1,2,0,0,0,1,1,1,0,0,1,1,0,1,0,1,1,0,0,1,0,1,0,0,1,0,1,1,0,"0"
0,0,0,1,0,0,0,1,0,1,1,1,0,0,0,0,0,0,0,0,1,0,0,0,0,0,0,1,0,1,0,1,1,0,1,0,0,0,1,0,0,0,0,0,1,1,0,0,0,0,"0"
0,1,0,0,0,1,0,0,0,1,0,0,0,0,0,1,0,1,0,1,1,0,0,0,0,2,0,2,0,0,0,0,2,0,1,0,0,0,0,0,0,0,0,0,0,0,1,1,0,1,"0"
1,0,0,0,0,1,0,1,0,0,0,1,1,0,0,0,0,1,1,0,0,1,1,0,1,0,0,0,0,0,0,0,0,1,1,0,0,0,0,2,0,0,0,0,0,0,0,0,0,0,"0"
0,0,1,1,0,1,0,0,1,1,0,1,0,0,0,0,1,0,0,0,1,0,0,1,0,0,0,0,0,0,1,0,0,0,0,1,0,1,1,0,0,1,0,1,0,0,0,0,0,1,"0"
1,1,0,0,0,1,0,2,0,1,1,0,0,0,0,0,0,1,0,0,1,0,0,0,0,0,1,0,1,0,0,0,1,1,0,0,0,1,1,0,0,0,0,1,1,1,0,0,0,0,"0"
0,0,0,0,0,1,2,0,0,1,0,2,1,0,1,2,0,1,0,0,0,1,0,0,1,2,1,0,0,1,0,0,1,1,0,0,1,0,0,0,1,0,0,1,1,1,0,0,0,2,"0"
0,1,0,0,0,0,0,0,0,1,0,1,0,0,1,1,1,0,1,0,0,1,0,0,1,1,0,1,0,0,0,0,1,0,1,1,1,1,1,1,0,0,0,1,0,0,0,1,0,0,"0"
0,0,0,1,0,2,1,0,0,0,0,0,0,0,1,0,1,0,0,0,0,0,0,0,0,0,0,0,1,1,0,0,1,0,0,0,0,0,0,0,1,1,0,0,1,1,0,0,0,0,"0"
0,0,1,1,0,0,0,1,0,1,0,1,1,0,0,1,1,2,1,0,0,0,0,0,1,0,2,1,0,1,1,1,0,0,0,0,0,0,0,0,0,0,1,1,0,0,0,0,1,0,"0"
0,1,0,0,0,0,0,0,0,0,0,2,1,0,0,0,0,0,0,0,0,0,0,1,0,0,0,0,0,1,0,0,0,0,1,1,0,0,0,0,0,0,1,0,0,0,1,1,0,1,"0"
0,0,0,0,0,1,1,0,1,0,0,0,0,1,0,0,0,1,0,1,0,0,0,0,0,1,0,0,0,0,0,0,0,1,0,0,0,0,0,1,0,2,0,1,0,0,0,0,1,0,"0"
0,0,0,0,0,0,0,0,0,0,2,0,1,1,1,0,0,1,0,1,0,1,0,0,1,0,0,0,0,0,0,0,1,0,1,0,0,0,1,1,2,0,1,0,1,0,0,2,0,0,"0"
0,0,1,0,1,0,0,1,0,0,0,0,0,2,0,1,0,1,0,0,1,0,0,0,0,0,0,1,1,1,0,1,1,1,0,1,0,1,0,1,0,0,0,0,1,0,1,0,1,0,"0"
0,0,1,1,1,0,1,1,0,1,0,0,0,0,0,1,0,0,1,0,1,2,0,0,0,1,0,1,0,1,0,1,0,0,0,0,0,0,0,1,0,0,0,0,0,0,2,0,0,0,"0"
1,1,0,0,0,0,0,1,1,0,1,0,1,0,0,1,0,0,0,0,1,0,0,0,0,0,0,0,0,1,0,0,0,0,0,0,0,0,0,0,1,1,0,0,1,1,0,1,0,0,"0"
1,0,0,0,0,1,1,1,0,0,1,1,0,0,1,0,1,0,0,1,0,0,1,0,0,1,1,1,0,1,0,0,1,0,0,0,0,1,0,1,1,0,0,0,0,0,0,0,0,0,"0"
0,1,0,0,0,0,0,0,0,0,0,0,0,0,0,0,0,0,1,0,0,0,0,0,0,1,0,1,0,0,0,1,0,0,0,1,0,0,0,0,0,0,0,0,0,0,1,0,0,1,"0"
1,0,0,1,0,1,0,1,0,0,0,1,0,0,0,0,0,0,1,1,1,0,0,0,1,0,0,0,1,0,0,1,1,0,1,1,0,1,0,0,1,1,0,0,1,0,0,0,0,0,"0"
